this eROday file is indeed being read e_6_43211_002_c030.fits
the skew was low, the mean high
this eROday file is indeed being read e_6_43216_002_c030.fits
the skew was high the mean too
this eROday file is indeed being read e_6_43222_002_c030.fits
the skew was high the mean too
this eROday file is indeed being read e_6_43230_002_c030.fits
the skew was high the mean low
this eROday file is indeed being read e_6_43231_002_c030.fits
the skew was high the mean low
this eROday file is indeed being read e_6_43233_002_c030.fits
the skew was low, the mean high
a ghost spike has been detected: [(622551606.5941356, 28.76698004038181)]
this eROday file is indeed being read e_6_43234_002_c030.fits
the skew was high the mean low
this eROday file is indeed being read e_6_43253_002_c030.fits
the skew was low, the mean high
a ghost spike has been detected: [(622833413.369168, 79.90822841256539)]
this eROday file is indeed being read e_6_43259_002_c030.fits
the skew was high the mean too
this eROday file is indeed being read e_6_43265_002_c030.fits
the skew was high the mean low
this eROday file is indeed being read e_6_43267_002_c030.fits
the skew was high the mean too
this eROday file is indeed being read e_6_43268_002_c030.fits
the skew was high the mean low
this eROday file is indeed being read e_6_43269_002_c030.fits
the skew was high the mean too
a ghost spike has been detected: [(623065464.8088558, 199.7709357689798)]
this eROday file is indeed being read e_6_43272_002_c030.fits
the skew was low, the mean high
a ghost spike has been detected: [(623115894.4345973, 37.45696311298326)]
this eROday file is indeed being read e_6_43277_002_c030.fits
the skew was high the mean too
this eROday file is indeed being read e_6_43283_002_c030.fits
the skew was high the mean too
this eROday file is indeed being read e_6_43289_002_c030.fits
the skew was high the mean too
a ghost spike has been detected: [(623354958.4847984, 99.88519036704075)]
this eROday file is indeed being read e_6_43291_002_c030.fits
the skew was high the mean too
a ghost spike has been detected: [(623388314.8944935, 169.80522800637755)]
a ghost spike has been detected: [(623388314.8944935, 169.80522800637755), (623389659.8858609, 43.586360822574335)]
this eROday file is indeed being read e_6_43294_002_c030.fits
the skew was low, the mean high
this eROday file is indeed being read e_6_43296_002_c030.fits
the skew was high the mean low
this eROday file is indeed being read e_6_43297_002_c030.fits
the skew was low, the mean high
this eROday file is indeed being read e_6_43298_002_c030.fits
the skew was low, the mean high
a ghost spike has been detected: [(623481930.5713584, 219.74820378604036)]
this eROday file is indeed being read e_6_43300_002_c030.fits
the skew was high the mean too
this eROday file is indeed being read e_6_43302_002_c030.fits
the skew was high the mean low
this eROday file is indeed being read e_6_43303_002_c030.fits
the skew was high the mean too
a ghost spike has been detected: [(623560220.649148, 89.89715302258043)]
this eROday file is indeed being read e_6_43318_002_c030.fits
the skew was low, the mean high
this eROday file is indeed being read e_6_43319_002_c030.fits
the skew was high the mean too
this eROday file is indeed being read e_6_43322_002_c030.fits
the skew was high the mean too
this eROday file is indeed being read e_6_43334_002_c030.fits
the skew was high the mean too
this eROday file is indeed being read e_6_43338_002_c030.fits
the skew was high the mean low
this eROday file is indeed being read e_6_43341_002_c030.fits
the skew was high the mean too
this eROday file is indeed being read e_6_43360_002_c030.fits
the skew was low, the mean high
this eROday file is indeed being read e_6_43386_002_c030.fits
the skew was high the mean too
this eROday file is indeed being read e_6_43399_002_c030.fits
the skew was low, the mean high
this eROday file is indeed being read e_6_43403_002_c030.fits
the skew was high the mean low
this eROday file is indeed being read e_6_43415_002_c030.fits
the skew was low, the mean high
a ghost spike has been detected: [(625174625.7495339, 79.9083996806944)]
a ghost spike has been detected: [(625174625.7495339, 79.9083996806944), (625174785.4323723, 124.85682246640735)]
a ghost spike has been detected: [(625174625.7495339, 79.9083996806944), (625174785.4323723, 124.85682246640735), (625174809.0594256, 159.8167993613888)]
a ghost spike has been detected: [(625174625.7495339, 79.9083996806944), (625174785.4323723, 124.85682246640735), (625174809.0594256, 159.8167993613888), (625174887.2489536, 70.6881945378199)]
a ghost spike has been detected: [(625174625.7495339, 79.9083996806944), (625174785.4323723, 124.85682246640735), (625174809.0594256, 159.8167993613888), (625174887.2489536, 70.6881945378199), (625175014.8200238, 215.75267913787488)]
a ghost spike has been detected: [(625174625.7495339, 79.9083996806944), (625174785.4323723, 124.85682246640735), (625174809.0594256, 159.8167993613888), (625174887.2489536, 70.6881945378199), (625175014.8200238, 215.75267913787488), (625175045.9306457, 223.7435191059443)]
this eROday file is indeed being read e_6_43421_002_c030.fits
the skew was high the mean too
this eROday file is indeed being read e_6_43424_002_c030.fits
the skew was high the mean low
this eROday file is indeed being read e_6_43425_002_c030.fits
the skew was high the mean too
a ghost spike has been detected: [(625310301.2779342, 79.90821572606652)]
a ghost spike has been detected: [(625310301.2779342, 79.90821572606652), (625319791.1140634, 43.283616851619364)]
this eROday file is indeed being read e_6_43426_002_c030.fits
the skew was high the mean too
this eROday file is indeed being read e_6_43427_002_c030.fits
the skew was high the mean too
a ghost spike has been detected: [(625348213.8347492, 49.942605094832274)]
this eROday file is indeed being read e_6_43428_002_c030.fits
the skew was high the mean too
this eROday file is indeed being read e_6_43431_002_c030.fits
the skew was high the mean low
a ghost spike has been detected: [(625392763.3836956, 59.931256943427364)]
this eROday file is indeed being read e_6_43432_002_c030.fits
the skew was high the mean too
a ghost spike has been detected: [(625407481.6956594, 119.86246631235935)]
this eROday file is indeed being read e_6_43433_002_c030.fits
the skew was high the mean too
this eROday file is indeed being read e_6_43434_002_c030.fits
the skew was high the mean too
a ghost spike has been detected: [(625449569.7006743, 47.637617778819916)]
this eROday file is indeed being read e_6_43435_002_c030.fits
the skew was high the mean too
a ghost spike has been detected: [(625456887.943453, 79.90824744232125)]
this eROday file is indeed being read e_6_43436_002_c030.fits
the skew was high the mean too
a ghost spike has been detected: [(625476166.2545934, 139.83943302406217)]
this eROday file is indeed being read e_6_43437_002_c030.fits
the skew was high the mean too
a ghost spike has been detected: [(625484161.5418905, 61.747335586621254)]
this eROday file is indeed being read e_6_43440_002_c030.fits
the skew was high the mean too
this eROday file is indeed being read e_6_43443_002_c030.fits
the skew was high the mean too
a ghost spike has been detected: [(625571850.6412559, 23.972510769892008)]
this eROday file is indeed being read e_6_43444_002_c030.fits
the skew was high the mean too
a ghost spike has been detected: [(625590411.4999784, 37.100314539174)]
this eROday file is indeed being read e_6_43445_002_c030.fits
the skew was high the mean too
a ghost spike has been detected: [(625605496.2516962, 41.85676749445291)]
a ghost spike has been detected: [(625605496.2516962, 41.85676749445291), (625606564.7253932, 50.850779980623614)]
this eROday file is indeed being read e_6_43446_002_c030.fits
the skew was high the mean too
a ghost spike has been detected: [(625614022.8921452, 50.850779980623614)]
a ghost spike has been detected: [(625614022.8921452, 50.850779980623614), (625620916.8877339, 47.94502458455515)]
this eROday file is indeed being read e_6_43447_002_c030.fits
the skew was high the mean low
a ghost spike has been detected: [(625622567.4531218, 73.24934311529259)]
this eROday file is indeed being read e_6_43448_002_c030.fits
the skew was high the mean too
a ghost spike has been detected: [(625644564.0174001, 73.24937218864149)]
a ghost spike has been detected: [(625644564.0174001, 73.24937218864149), (625645934.5614744, 47.945051226319094)]
this eROday file is indeed being read e_6_43449_002_c030.fits
the skew was high the mean too
a ghost spike has been detected: [(625657291.4374199, 106.54458365383776)]
a ghost spike has been detected: [(625657291.4374199, 106.54458365383776), (625661809.008704, 89.89696569720557)]
this eROday file is indeed being read e_6_43450_002_c030.fits
the skew was high the mean too
a ghost spike has been detected: [(625665674.7839031, 39.954213273174936)]
a ghost spike has been detected: [(625665674.7839031, 39.954213273174936), (625670696.709337, 62.15095779479372)]
this eROday file is indeed being read e_6_43454_002_c030.fits
the skew was low, the mean high
a ghost spike has been detected: [(625727563.6524593, 239.72502777370946)]
this eROday file is indeed being read e_6_43459_002_c030.fits
the skew was high the mean too
a ghost spike has been detected: [(625803439.7437052, 143.8352564401773)]
this eROday file is indeed being read e_6_43463_002_c030.fits
the skew was high the mean low
a ghost spike has been detected: [(625857021.6933732, 97.0319384874781)]
a ghost spike has been detected: [(625857021.6933732, 97.0319384874781), (625860361.7571591, 106.54483738578902)]
this eROday file is indeed being read e_6_43464_002_c030.fits
the skew was high the mean too
a ghost spike has been detected: [(625873355.3946164, 73.24954662921951)]
this eROday file is indeed being read e_6_43467_002_c030.fits
the skew was high the mean low
a ghost spike has been detected: [(625915995.7258627, 62.785137001680624)]
this eROday file is indeed being read e_6_43546_002_c030.fits
the skew was high the mean low
a ghost spike has been detected: [(627050805.553035, 139.8399325570568)]
this eROday file is indeed being read e_6_43578_002_c030.fits
the skew was high the mean too
a ghost spike has been detected: [(627517215.5938386, 75.91299777500524)]
this eROday file is indeed being read e_6_43582_002_c030.fits
the skew was high the mean low
a ghost spike has been detected: [(627570221.2374866, 26.636162828893315)]
a ghost spike has been detected: [(627570221.2374866, 26.636162828893315), (627578385.4515162, 42.61786052622931)]
this eROday file is indeed being read e_6_43588_002_c030.fits
the skew was high the mean too
a ghost spike has been detected: [(627657897.7299697, 154.1092085716847)]
this eROday file is indeed being read e_6_43590_002_c030.fits
the skew was high the mean too
this eROday file is indeed being read e_6_43591_002_c030.fits
the skew was high the mean too
a ghost spike has been detected: [(627698902.8395659, 87.89949084327594)]
a ghost spike has been detected: [(627698902.8395659, 87.89949084327594), (627705997.3430128, 102.73966462201084)]
this eROday file is indeed being read e_6_43593_002_c030.fits
the skew was high the mean low
a ghost spike has been detected: [(627726340.5773529, 79.90867561422425)]
this eROday file is indeed being read e_6_43595_002_c030.fits
the skew was low, the mean high
this eROday file is indeed being read e_6_43597_002_c030.fits
the skew was high the mean too
a ghost spike has been detected: [(627790247.0871956, 59.931346145774384)]
a ghost spike has been detected: [(627790247.0871956, 59.931346145774384), (627792946.17583, 31.268525590987156)]
this eROday file is indeed being read e_6_43598_002_c030.fits
the skew was high the mean low
this eROday file is indeed being read e_6_43631_002_c030.fits
the skew was high the mean low
a ghost spike has been detected: [(628280175.5681157, 89.8969924579256)]
this eROday file is indeed being read e_6_43645_002_c030.fits
the skew was high the mean too
this eROday file is indeed being read e_6_43684_002_c030.fits
the skew was high the mean too
this eROday file is indeed being read e_6_43703_002_c030.fits
the skew was high the mean low
a ghost spike has been detected: [(629312829.2365255, 87.89923964876384)]
a ghost spike has been detected: [(629312829.2365255, 87.89923964876384), (629314142.9155705, 79.90843774037832)]
a ghost spike has been detected: [(629312829.2365255, 87.89923964876384), (629314142.9155705, 79.90843774037832), (629314621.1380424, 25.684848434332743)]
this eROday file is indeed being read e_6_43705_002_c030.fits
the skew was high the mean too
a ghost spike has been detected: [(629340560.4862627, 48.515795935842924)]
a ghost spike has been detected: [(629340560.4862627, 48.515795935842924), (629346742.2180616, 71.91752545894205)]
this eROday file is indeed being read e_6_43710_002_c030.fits
the skew was high the mean low
a ghost spike has been detected: [(629423673.6932268, 133.18020096242233)]
this eROday file is indeed being read e_6_43733_002_c030.fits
the skew was high the mean low
a ghost spike has been detected: [(629747431.629871, 98.06934015959209)]
this eROday file is indeed being read e_6_43835_002_c030.fits
the skew was high the mean low
a ghost spike has been detected: [(631222097.073714, 42.617779332249825)]
this eROday file is indeed being read e_6_43853_002_c030.fits
the skew was high the mean too
this eROday file is indeed being read e_6_43869_002_c030.fits
the skew was high the mean low
this eROday file is indeed being read e_6_43916_002_c030.fits
the skew was high the mean low
this eROday file is indeed being read e_6_44007_002_c030.fits
the skew was high the mean low
a ghost spike has been detected: [(633697356.975907, 69.91988302283103)]
this eROday file is indeed being read e_6_44009_002_c030.fits
the skew was high the mean low
a ghost spike has been detected: [(633718028.9136913, 27.468521384811098)]
a ghost spike has been detected: [(633718028.9136913, 27.468521384811098), (633723183.7142167, 33.96108199581792)]
this eROday file is indeed being read e_6_44011_002_c030.fits
the skew was high the mean too
a ghost spike has been detected: [(633752311.647054, 79.90843774037832)]
this eROday file is indeed being read e_6_44012_002_c030.fits
the skew was high the mean low
a ghost spike has been detected: [(633759919.6793748, 49.1744232248482)]
a ghost spike has been detected: [(633759919.6793748, 49.1744232248482), (633768625.8181324, 63.926780640078796)]
this eROday file is indeed being read e_6_44052_002_c030.fits
the skew was high the mean low
a ghost spike has been detected: [(634344717.5514226, 31.96338017077907)]
this eROday file is indeed being read e_6_44054_002_c030.fits
the skew was low, the mean high
this eROday file is indeed being read e_6_44057_002_c030.fits
the skew was high the mean too
a ghost spike has been detected: [(634418320.328516, 35.748520582123504)]
this eROday file is indeed being read e_6_44093_002_c030.fits
the skew was high the mean too
a ghost spike has been detected: [(634933095.796706, 34.24651992108521)]
this eROday file is indeed being read e_6_44124_002_c030.fits
the skew was high the mean too
a ghost spike has been detected: [(635381314.9830244, 53.27222839415766)]
this eROday file is indeed being read e_6_44144_002_c030.fits
the skew was high the mean too
a ghost spike has been detected: [(635663364.6012912, 74.20066694382281)]
this eROday file is indeed being read e_6_44243_002_c030.fits
the skew was low, the mean high
this eROday file is indeed being read e_6_44249_002_c030.fits
the skew was high the mean low
a ghost spike has been detected: [(637176089.6113015, 109.87403647794623)]
this eROday file is indeed being read e_6_44253_002_c030.fits
the skew was high the mean low
this eROday file is indeed being read e_6_44254_002_c030.fits
the skew was high the mean low
a ghost spike has been detected: [(637255860.5275707, 35.25368796275517)]
this eROday file is indeed being read e_6_44290_002_c030.fits
the skew was high the mean too
this eROday file is indeed being read e_6_44291_002_c030.fits
the skew was high the mean too
a ghost spike has been detected: [(637780634.613956, 48.83290833168175)]
this eROday file is indeed being read e_6_44302_002_c030.fits
the skew was high the mean low
a ghost spike has been detected: [(637934523.1024113, 64.92554768253181)]
this eROday file is indeed being read e_6_44307_002_c030.fits
the skew was high the mean too
a ghost spike has been detected: [(638010568.303697, 22.830969783885614)]
this eROday file is indeed being read e_6_44312_002_c030.fits
the skew was high the mean low
this eROday file is indeed being read e_6_44338_002_c030.fits
the skew was low, the mean high
a ghost spike has been detected: [(638463119.8279672, 59.931256943427364)]
this eROday file is indeed being read e_6_44343_002_c030.fits
the skew was low, the mean high
a ghost spike has been detected: [(638525864.8966169, 99.88548770722385)]
this eROday file is indeed being read e_6_44345_002_c030.fits
the skew was high the mean too
a ghost spike has been detected: [(638564089.452523, 133.18051812484373)]
a ghost spike has been detected: [(638564089.452523, 133.18051812484373), (638564830.7768505, 28.202946419378314)]
a ghost spike has been detected: [(638564089.452523, 133.18051812484373), (638564830.7768505, 28.202946419378314), (638567021.2613466, 133.18062384598653)]
this eROday file is indeed being read e_6_44371_002_c030.fits
the skew was high the mean low
a ghost spike has been detected: [(638936625.7691829, 126.52159265368721)]
this eROday file is indeed being read e_6_44372_002_c030.fits
the skew was high the mean too
this eROday file is indeed being read e_6_44378_002_c030.fits
the skew was high the mean low
a ghost spike has been detected: [(639033072.4840617, 173.1348109997825)]
a ghost spike has been detected: [(639033072.4840617, 173.1348109997825), (639039429.8653817, 129.851134019391)]
this eROday file is indeed being read e_6_44383_002_c030.fits
the skew was low, the mean high
a ghost spike has been detected: [(639112811.4274591, 53.27217905767004)]
this eROday file is indeed being read e_6_44386_002_c030.fits
the skew was high the mean too
a ghost spike has been detected: [(639155452.71885, 47.445592537234795)]
this eROday file is indeed being read e_6_44402_002_c030.fits
the skew was high the mean too
a ghost spike has been detected: [(639387108.3596627, 95.27537518453988)]
this eROday file is indeed being read e_6_44410_002_c030.fits
the skew was low, the mean high
a ghost spike has been detected: [(639492254.6828482, 266.3614591345944)]
this eROday file is indeed being read e_6_44423_002_c030.fits
the skew was high the mean low
a ghost spike has been detected: [(639678141.2214266, 35.51484712176557)]
this eROday file is indeed being read e_6_44424_002_c030.fits
the skew was high the mean low
a ghost spike has been detected: [(639695243.9524192, 37.4570746156515)]
this eROday file is indeed being read e_6_44425_002_c030.fits
the skew was high the mean low
a ghost spike has been detected: [(639715471.010692, 64.9255670096955)]
this eROday file is indeed being read e_6_44439_002_c030.fits
the skew was low, the mean high
this eROday file is indeed being read e_6_44442_002_c030.fits
the skew was high the mean low
a ghost spike has been detected: [(639956857.2928603, 75.91299777500524)]
this eROday file is indeed being read e_6_44446_002_c030.fits
the skew was high the mean low
a ghost spike has been detected: [(640019478.6576964, 113.20357520062775)]
a ghost spike has been detected: [(640019478.6576964, 113.20357520062775), (640021721.5757382, 64.9255863368707)]
this eROday file is indeed being read e_6_44447_002_c030.fits
the skew was high the mean too
this eROday file is indeed being read e_6_44448_002_c030.fits
the skew was high the mean low
this eROday file is indeed being read e_6_44449_002_c030.fits
the skew was high the mean too
this eROday file is indeed being read e_6_44450_002_c030.fits
the skew was high the mean low
this eROday file is indeed being read e_6_44452_002_c030.fits
the skew was high the mean too
a ghost spike has been detected: [(640098461.6992054, 39.95421887018916)]
this eROday file is indeed being read e_6_44453_002_c030.fits
the skew was high the mean too
this eROday file is indeed being read e_6_44454_002_c030.fits
the skew was high the mean too
a ghost spike has been detected: [(640126547.2250054, 43.0276124395568)]
a ghost spike has been detected: [(640126547.2250054, 43.0276124395568), (640135662.1842318, 23.9725237101755)]
a ghost spike has been detected: [(640126547.2250054, 43.0276124395568), (640135662.1842318, 23.9725237101755), (640136239.9457004, 45.4025066991988)]
a ghost spike has been detected: [(640126547.2250054, 43.0276124395568), (640135662.1842318, 23.9725237101755), (640136239.9457004, 45.4025066991988), (640137142.3037348, 73.24937218864149)]
this eROday file is indeed being read e_6_44458_002_c030.fits
the skew was low, the mean high
a ghost spike has been detected: [(640194569.0414782, 159.81687548075664)]
this eROday file is indeed being read e_6_44462_002_c030.fits
the skew was high the mean too
this eROday file is indeed being read e_6_44469_002_c030.fits
the skew was high the mean low
this eROday file is indeed being read e_6_44511_002_c030.fits
the skew was low, the mean high
a ghost spike has been detected: [(640947160.5613905, 69.91990383673678)]
this eROday file is indeed being read e_6_44520_002_c030.fits
the skew was high the mean too
this eROday file is indeed being read e_6_44521_002_c030.fits
the skew was high the mean too
this eROday file is indeed being read e_6_44533_002_c030.fits
the skew was high the mean too
a ghost spike has been detected: [(641266552.1645613, 27.79425648121697)]
a ghost spike has been detected: [(641266552.1645613, 27.79425648121697), (641266701.1850312, 133.1808352887757)]
a ghost spike has been detected: [(641266552.1645613, 27.79425648121697), (641266701.1850312, 133.1808352887757), (641269146.8327317, 31.2685353037726)]
this eROday file is indeed being read e_6_44561_002_c030.fits
the skew was high the mean low
this eROday file is indeed being read e_6_44567_002_c030.fits
the skew was high the mean low
this eROday file is indeed being read e_6_44627_002_c030.fits
the skew was high the mean low
a ghost spike has been detected: [(642627059.7521129, 73.24945940882664)]
this eROday file is indeed being read e_6_44673_002_c030.fits
the skew was high the mean low
a ghost spike has been detected: [(643282277.5130758, 55.935919739163715)]
a ghost spike has been detected: [(643282277.5130758, 55.935919739163715), (643287737.9105368, 109.87410189302018)]
this eROday file is indeed being read e_6_44674_002_c030.fits
the skew was high the mean low
a ghost spike has been detected: [(643291418.1460698, 99.8855868210116)]
a ghost spike has been detected: [(643291418.1460698, 99.8855868210116), (643294926.2602317, 61.74744253109967)]
a ghost spike has been detected: [(643291418.1460698, 99.8855868210116), (643294926.2602317, 61.74744253109967), (643304226.7764482, 99.88560664379276)]
this eROday file is indeed being read e_6_44727_002_c030.fits
the skew was high the mean low
this eROday file is indeed being read e_6_44780_002_c030.fits
the skew was high the mean low
this eROday file is indeed being read e_6_44956_002_c030.fits
the skew was high the mean low
a ghost spike has been detected: [(647353691.698395, 24.257910347018996)]
a ghost spike has been detected: [(647353691.698395, 24.257910347018996), (647364346.0201094, 75.46908008813507)]
this eROday file is indeed being read e_6_44957_002_c030.fits
the skew was high the mean too
a ghost spike has been detected: [(647372674.679989, 47.56453009219411)]
a ghost spike has been detected: [(647372674.679989, 47.56453009219411), (647380017.7349498, 159.81687548075664)]
this eROday file is indeed being read e_6_44963_002_c030.fits
the skew was high the mean low
this eROday file is indeed being read e_6_44987_002_c030.fits
the skew was low, the mean high
a ghost spike has been detected: [(647804729.4491308, 26.63614062739076)]
this eROday file is indeed being read e_6_44988_002_c030.fits
the skew was low, the mean high
this eROday file is indeed being read e_6_44991_002_c030.fits
the skew was low, the mean high
a ghost spike has been detected: [(647866613.5331613, 23.131391321857258)]
a ghost spike has been detected: [(647866613.5331613, 23.131391321857258), (647868582.4364727, 53.27229182691888)]
this eROday file is indeed being read e_6_44998_002_c030.fits
the skew was low, the mean high
a ghost spike has been detected: [(647959057.1439086, 64.9255863368707)]
a ghost spike has been detected: [(647959057.1439086, 64.9255863368707), (647963034.1465981, 37.73453505166901)]
this eROday file is indeed being read e_6_45012_002_c030.fits
the skew was high the mean low
this eROday file is indeed being read e_6_45122_002_c030.fits
the skew was high the mean too
this eROday file is indeed being read e_6_45124_002_c030.fits
the skew was high the mean too
a ghost spike has been detected: [(649778100.3708284, 50.85085704364001)]
this eROday file is indeed being read e_6_45126_002_c030.fits
the skew was high the mean low
a ghost spike has been detected: [(649803535.9407036, 44.39360001608807)]
a ghost spike has been detected: [(649803535.9407036, 44.39360001608807), (649810750.8436058, 48.832960017696884)]
this eROday file is indeed being read e_6_45133_002_c030.fits
the skew was high the mean low
a ghost spike has been detected: [(649903675.4567218, 37.10037133744419)]
a ghost spike has been detected: [(649903675.4567218, 37.10037133744419), (649904724.23141, 52.24786296133665)]
this eROday file is indeed being read e_6_45137_002_c030.fits
the skew was high the mean too
this eROday file is indeed being read e_6_45139_002_c030.fits
the skew was high the mean too
this eROday file is indeed being read e_6_45144_002_c030.fits
the skew was high the mean low
a ghost spike has been detected: [(650067250.7608501, 93.22662170470453)]
a ghost spike has been detected: [(650067250.7608501, 93.22662170470453), (650067259.3206381, 65.52498760688466)]
a ghost spike has been detected: [(650067250.7608501, 93.22662170470453), (650067259.3206381, 65.52498760688466), (650073096.8708597, 89.89704597941348)]
this eROday file is indeed being read e_6_45227_002_c030.fits
the skew was high the mean low
a ghost spike has been detected: [(651259118.9390991, 399.5421887018916)]
this eROday file is indeed being read e_6_45270_002_c030.fits
the skew was high the mean low
this eROday file is indeed being read e_6_45275_002_c030.fits
the skew was high the mean low
a ghost spike has been detected: [(651950467.0030465, 30.44131997176725)]
this eROday file is indeed being read e_6_45277_002_c030.fits
the skew was high the mean too
a ghost spike has been detected: [(651979752.8125329, 34.959957121847154)]
a ghost spike has been detected: [(651979752.8125329, 34.959957121847154), (651982050.2160511, 319.6337509615133)]
a ghost spike has been detected: [(651979752.8125329, 34.959957121847154), (651982050.2160511, 319.6337509615133), (651987613.9320465, 47.94507025616861)]
this eROday file is indeed being read e_6_45279_002_c030.fits
the skew was high the mean low
a ghost spike has been detected: [(652011215.0122533, 34.03509034369908)]
this eROday file is indeed being read e_6_45292_002_c030.fits
the skew was high the mean low
a ghost spike has been detected: [(652193010.6607332, 29.197316464067246)]
a ghost spike has been detected: [(652193010.6607332, 29.197316464067246), (652193355.9058197, 59.931352092606964)]
a ghost spike has been detected: [(652193010.6607332, 29.197316464067246), (652193355.9058197, 59.931352092606964), (652201816.5367894, 62.78520108172582)]
this eROday file is indeed being read e_6_45293_002_c030.fits
the skew was high the mean too
this eROday file is indeed being read e_6_45294_002_c030.fits
the skew was high the mean low
this eROday file is indeed being read e_6_45296_002_c030.fits
the skew was high the mean low
a ghost spike has been detected: [(652249894.1284564, 129.85121132811477)]
a ghost spike has been detected: [(652249894.1284564, 129.85121132811477), (652253597.6665678, 68.49296993647631)]
this eROday file is indeed being read e_6_45297_002_c030.fits
the skew was high the mean too
this eROday file is indeed being read e_6_45298_002_c030.fits
the skew was high the mean low
a ghost spike has been detected: [(652289864.9934082, 18.925683808792304)]
this eROday file is indeed being read e_6_45397_002_c030.fits
the skew was high the mean low
this eROday file is indeed being read e_6_45415_002_c030.fits
the skew was high the mean too
a ghost spike has been detected: [(653965024.3494241, 179.7939849158512)]
this eROday file is indeed being read e_6_45433_002_c030.fits
the skew was high the mean low
a ghost spike has been detected: [(654229440.9923658, 106.54458365383776)]
a ghost spike has been detected: [(654229440.9923658, 106.54458365383776), (654229606.6319846, 62.785179721696224)]
this eROday file is indeed being read e_6_45434_002_c030.fits
the skew was high the mean too
a ghost spike has been detected: [(654243653.4905949, 87.89923964876384)]
this eROday file is indeed being read e_6_45436_002_c030.fits
the skew was high the mean low
this eROday file is indeed being read e_6_45439_002_c030.fits
the skew was high the mean low
this eROday file is indeed being read e_6_45446_002_c030.fits
the skew was high the mean low
a ghost spike has been detected: [(654416153.7572273, 43.58641114937318)]
this eROday file is indeed being read e_6_45449_002_c030.fits
the skew was high the mean too
a ghost spike has been detected: [(654451550.788836, 223.74341253893084)]
a ghost spike has been detected: [(654451550.788836, 223.74341253893084), (654455723.0919523, 43.28371992965179)]
this eROday file is indeed being read e_6_45450_002_c030.fits
the skew was high the mean low
a ghost spike has been detected: [(654466418.0878184, 119.86256146138788)]
this eROday file is indeed being read e_6_45457_002_c030.fits
the skew was high the mean low
this eROday file is indeed being read e_6_45460_002_c030.fits
the skew was high the mean low
this eROday file is indeed being read e_6_45463_002_c030.fits
the skew was high the mean too
a ghost spike has been detected: [(654657745.3242342, 58.59949309917589)]
a ghost spike has been detected: [(654657745.3242342, 58.59949309917589), (654657910.8137197, 59.931310464803715)]
a ghost spike has been detected: [(654657745.3242342, 58.59949309917589), (654657910.8137197, 59.931310464803715), (654666958.248383, 89.89688541514104)]
this eROday file is indeed being read e_6_45464_002_c030.fits
the skew was high the mean too
a ghost spike has been detected: [(654674549.8669326, 93.22648602878917)]
a ghost spike has been detected: [(654674549.8669326, 93.22648602878917), (654676048.0070872, 159.81678033155816)]
this eROday file is indeed being read e_6_45470_002_c030.fits
the skew was high the mean low
a ghost spike has been detected: [(654756286.015337, 39.95419168470619)]
this eROday file is indeed being read e_6_45471_002_c030.fits
the skew was low, the mean high
this eROday file is indeed being read e_6_45475_002_c030.fits
the skew was high the mean low
a ghost spike has been detected: [(654828486.4236827, 29.197289720953002)]
a ghost spike has been detected: [(654828486.4236827, 29.197289720953002), (654835017.8525128, 106.54452726912382)]
a ghost spike has been detected: [(654828486.4236827, 29.197289720953002), (654835017.8525128, 106.54452726912382), (654837647.9893966, 58.1151771207127)]
this eROday file is indeed being read e_6_45479_002_c030.fits
the skew was high the mean low
this eROday file is indeed being read e_6_45492_002_c030.fits
the skew was high the mean too
this eROday file is indeed being read e_6_45515_002_c030.fits
the skew was high the mean too
this eROday file is indeed being read e_6_45516_002_c030.fits
the skew was high the mean too
this eROday file is indeed being read e_6_45521_002_c030.fits
the skew was low, the mean high
this eROday file is indeed being read e_6_45524_002_c030.fits
the skew was low, the mean high
a ghost spike has been detected: [(655535710.8644546, 79.90836162104672)]
a ghost spike has been detected: [(655535710.8644546, 79.90836162104672), (655542838.5565884, 167.80747947901415)]
this eROday file is indeed being read e_6_45525_002_c030.fits
the skew was low, the mean high
this eROday file is indeed being read e_6_45571_002_c030.fits
the skew was high the mean low
this eROday file is indeed being read e_6_45582_002_c030.fits
the skew was high the mean low
this eROday file is indeed being read e_6_45613_002_c030.fits
the skew was high the mean low
a ghost spike has been detected: [(656820614.1469368, 54.93700188521923)]
a ghost spike has been detected: [(656820614.1469368, 54.93700188521923), (656824945.7587315, 62.785137001680624)]
this eROday file is indeed being read e_6_45615_002_c030.fits
the skew was high the mean too
a ghost spike has been detected: [(656844278.051752, 95.89007961683328)]
a ghost spike has been detected: [(656844278.051752, 95.89007961683328), (656847576.4043025, 79.90839016577908)]
this eROday file is indeed being read e_6_45618_002_c030.fits
the skew was high the mean low
this eROday file is indeed being read e_6_45619_002_c030.fits
the skew was low, the mean high
this eROday file is indeed being read e_6_45622_002_c030.fits
the skew was high the mean too
a ghost spike has been detected: [(656944110.193135, 119.86256146138788)]
a ghost spike has been detected: [(656944110.193135, 119.86256146138788), (656954475.3893473, 54.93700188521923)]
this eROday file is indeed being read e_6_45629_002_c030.fits
the skew was high the mean low
a ghost spike has been detected: [(657048962.150413, 179.7938778730029)]
a ghost spike has been detected: [(657048962.150413, 179.7938778730029), (657052877.6345248, 95.89007961683328)]
this eROday file is indeed being read e_6_45630_002_c030.fits
the skew was high the mean low
a ghost spike has been detected: [(657061027.5179197, 66.59031192299327)]
this eROday file is indeed being read e_6_45641_002_c030.fits
the skew was high the mean low
a ghost spike has been detected: [(657222947.3876281, 119.86265661056748)]
this eROday file is indeed being read e_6_45646_002_c030.fits
the skew was high the mean too
this eROday file is indeed being read e_6_45647_002_c030.fits
the skew was high the mean too
a ghost spike has been detected: [(657312257.1780782, 39.954196912680814)]
a ghost spike has been detected: [(657312257.1780782, 39.954196912680814), (657312760.9299145, 95.89007961683328)]
this eROday file is indeed being read e_6_45659_002_c030.fits
the skew was high the mean too
a ghost spike has been detected: [(657480389.1451914, 31.268502927844583)]
this eROday file is indeed being read e_6_45664_002_c030.fits
the skew was high the mean low
this eROday file is indeed being read e_6_45683_002_c030.fits
the skew was high the mean too
this eROday file is indeed being read e_6_45684_002_c030.fits
the skew was low, the mean high
this eROday file is indeed being read e_6_45695_002_c030.fits
the skew was high the mean too
this eROday file is indeed being read e_6_45701_002_c030.fits
the skew was high the mean low
a ghost spike has been detected: [(658090793.1738944, 63.92671974455551)]
this eROday file is indeed being read e_6_45722_002_c030.fits
the skew was high the mean low
a ghost spike has been detected: [(658395564.3194544, 19.977093576897982)]
this eROday file is indeed being read e_6_45750_002_c030.fits
the skew was high the mean too
a ghost spike has been detected: [(658788341.7928745, 239.7249326247187)]
this eROday file is indeed being read e_6_45756_002_c030.fits
the skew was low, the mean high
a ghost spike has been detected: [(658872083.0821946, 146.49856993732809)]
a ghost spike has been detected: [(658872083.0821946, 146.49856993732809), (658883409.4093822, 43.28369416009765)]
this eROday file is indeed being read e_6_45763_002_c030.fits
the skew was high the mean low
a ghost spike has been detected: [(658975825.6508081, 149.8281423585684)]
a ghost spike has been detected: [(658975825.6508081, 149.8281423585684), (658978124.6855295, 59.93123910298983)]
a ghost spike has been detected: [(658975825.6508081, 149.8281423585684), (658978124.6855295, 59.93123910298983), (658984831.3200152, 169.80522800637755)]
this eROday file is indeed being read e_6_45779_002_c030.fits
the skew was high the mean too
a ghost spike has been detected: [(659209395.637145, 86.5673711405062)]
a ghost spike has been detected: [(659209395.637145, 86.5673711405062), (659211588.1495956, 68.49285342730323)]
this eROday file is indeed being read e_6_45810_002_c030.fits
the skew was high the mean too
this eROday file is indeed being read e_6_45827_002_c030.fits
the skew was high the mean too
this eROday file is indeed being read e_6_45832_002_c030.fits
the skew was high the mean low
this eROday file is indeed being read e_6_45833_002_c030.fits
the skew was high the mean too
a ghost spike has been detected: [(659984257.258976, 89.8969924579256)]
this eROday file is indeed being read e_6_45840_002_c030.fits
the skew was low, the mean high
a ghost spike has been detected: [(660090245.4235234, 159.81687548075664)]
this eROday file is indeed being read e_6_45845_002_c030.fits
the skew was high the mean too
a ghost spike has been detected: [(660161119.9308243, 55.321195725250355)]
this eROday file is indeed being read e_6_45851_002_c030.fits
the skew was high the mean too
a ghost spike has been detected: [(660252371.4079318, 87.89923964876384)]
this eROday file is indeed being read e_6_45855_002_c030.fits
the skew was low, the mean high
this eROday file is indeed being read e_6_45858_002_c030.fits
the skew was low, the mean high
a ghost spike has been detected: [(660351242.0680251, 103.88087010736075)]
this eROday file is indeed being read e_6_45861_002_c030.fits
the skew was low, the mean high
a ghost spike has been detected: [(660397466.0486879, 179.7939849158512)]
a ghost spike has been detected: [(660397466.0486879, 179.7939849158512), (660398128.0066615, 86.56740549989125)]
this eROday file is indeed being read e_6_45867_002_c030.fits
the skew was low, the mean high
a ghost spike has been detected: [(660474142.9005837, 93.22651069710804)]
this eROday file is indeed being read e_6_45869_002_c030.fits
the skew was low, the mean high
a ghost spike has been detected: [(660503033.3330514, 27.468513207926854)]
a ghost spike has been detected: [(660503033.3330514, 27.468513207926854), (660506622.1926016, 75.46902017939237)]
a ghost spike has been detected: [(660503033.3330514, 27.468513207926854), (660506622.1926016, 75.46902017939237), (660506936.8279419, 38.05160681313901)]
this eROday file is indeed being read e_6_45873_002_c030.fits
the skew was low, the mean high
a ghost spike has been detected: [(660568752.0383811, 151.82588707998877)]
this eROday file is indeed being read e_6_45879_002_c030.fits
the skew was low, the mean high
a ghost spike has been detected: [(660644094.4390277, 39.9541998403472)]
a ghost spike has been detected: [(660644094.4390277, 39.9541998403472), (660652675.1898389, 36.99461773499626)]
this eROday file is indeed being read e_6_45885_002_c030.fits
the skew was low, the mean high
a ghost spike has been detected: [(660741837.7932615, 73.24934311529259)]
this eROday file is indeed being read e_6_45888_002_c030.fits
the skew was low, the mean high
a ghost spike has been detected: [(660777935.3783405, 119.86258524866862)]
a ghost spike has been detected: [(660777935.3783405, 119.86258524866862), (660780313.6768752, 79.90839545184286)]
a ghost spike has been detected: [(660777935.3783405, 119.86258524866862), (660780313.6768752, 79.90839545184286), (660787053.8460634, 85.6161541659494)]
this eROday file is indeed being read e_6_45890_002_c030.fits
the skew was high the mean too
a ghost spike has been detected: [(660811536.9572749, 71.91752545894205)]
this eROday file is indeed being read e_6_45891_002_c030.fits
the skew was high the mean too
a ghost spike has been detected: [(660816140.7044408, 79.90840314066416)]
this eROday file is indeed being read e_6_45892_002_c030.fits
the skew was high the mean too
a ghost spike has been detected: [(660835413.298178, 239.72531322113497)]
a ghost spike has been detected: [(660835413.298178, 239.72531322113497), (660837197.4412698, 39.954187153795964)]
this eROday file is indeed being read e_6_45893_002_c030.fits
the skew was low, the mean high
a ghost spike has been detected: [(660858350.6154222, 219.74820378604036)]
this eROday file is indeed being read e_6_45894_002_c030.fits
the skew was low, the mean high
this eROday file is indeed being read e_6_45897_002_c030.fits
the skew was high the mean too
a ghost spike has been detected: [(660912951.839695, 239.72531322113497)]
this eROday file is indeed being read e_6_45898_002_c030.fits
the skew was low, the mean high
a ghost spike has been detected: [(660918439.072978, 219.74820378604036)]
this eROday file is indeed being read e_6_45899_002_c030.fits
the skew was low, the mean high
this eROday file is indeed being read e_6_45901_002_c030.fits
the skew was low, the mean high
a ghost spike has been detected: [(660961157.7402496, 119.86265661056748)]
a ghost spike has been detected: [(660961157.7402496, 119.86265661056748), (660969747.8517416, 99.88548770722385)]
this eROday file is indeed being read e_6_45902_002_c030.fits
the skew was low, the mean high
this eROday file is indeed being read e_6_45903_002_c030.fits
the skew was low, the mean high
a ghost spike has been detected: [(660990716.462896, 46.61323684731731)]
this eROday file is indeed being read e_6_45904_002_c030.fits
the skew was high the mean too
this eROday file is indeed being read e_6_45948_002_c030.fits
the skew was high the mean low
a ghost spike has been detected: [(661644021.1900265, 39.95418593393569)]
a ghost spike has been detected: [(661644021.1900265, 39.95418593393569), (661645027.2674198, 66.59029430279347)]
a ghost spike has been detected: [(661644021.1900265, 39.95418593393569), (661645027.2674198, 66.59029430279347), (661648436.547662, 64.92554768253181)]
a ghost spike has been detected: [(661644021.1900265, 39.95418593393569), (661645027.2674198, 66.59029430279347), (661648436.547662, 64.92554768253181), (661648708.3089248, 27.065738298682394)]
this eROday file is indeed being read e_6_45976_002_c030.fits
the skew was high the mean low
this eROday file is indeed being read e_6_45983_002_c030.fits
the skew was high the mean low
a ghost spike has been detected: [(662145106.4016463, 47.218601855847005)]
this eROday file is indeed being read e_6_46001_002_c030.fits
the skew was high the mean low

this eROday file is indeed being read e_6_46001_002_c030.fits
the skew was high the mean low
a ghost spike has been detected: [(662412574.31724, 26.05708037722252)]
this eROday file is indeed being read e_6_46058_002_c030.fits
the skew was high the mean too
a ghost spike has been detected: [(663225473.606895, 133.18062384598653)]
this eROday file is indeed being read e_6_46060_002_c030.fits
the skew was high the mean low
a ghost spike has been detected: [(663251753.278434, 31.542788556929267)]
a ghost spike has been detected: [(663251753.278434, 31.542788556929267), (663264004.6094325, 50.198856657144916)]
this eROday file is indeed being read e_6_46076_002_c030.fits
the skew was low, the mean high
a ghost spike has been detected: [(663483278.2998545, 27.745972478440052)]
a ghost spike has been detected: [(663483278.2998545, 27.745972478440052), (663493122.1239169, 79.90839016577908)]
this eROday file is indeed being read e_6_46077_002_c030.fits
the skew was low, the mean high
this eROday file is indeed being read e_6_46096_002_c030.fits
the skew was high the mean low
this eROday file is indeed being read e_6_46160_002_c030.fits
the skew was high the mean too
a ghost spike has been detected: [(664700976.4412571, 61.747375690757245)]
a ghost spike has been detected: [(664700976.4412571, 61.747375690757245), (664702773.7494681, 46.61322759670446)]
this eROday file is indeed being read e_6_46161_002_c030.fits
the skew was low, the mean high
this eROday file is indeed being read e_6_46163_002_c030.fits
the skew was high the mean too
this eROday file is indeed being read e_6_46190_002_c030.fits
the skew was high the mean low
a ghost spike has been detected: [(665127063.0085654, 28.538711582583893)]
a ghost spike has been detected: [(665127063.0085654, 28.538711582583893), (665133537.4480314, 26.63613005525969)]
this eROday file is indeed being read e_6_46231_002_c030.fits
the skew was high the mean low
a ghost spike has been detected: [(665714988.7174494, 27.660635866036337)]
this eROday file is indeed being read e_6_46251_002_c030.fits
the skew was high the mean too
a ghost spike has been detected: [(666000886.1917243, 34.959941511415515)]
a ghost spike has been detected: [(666000886.1917243, 34.959941511415515), (666006683.476798, 29.965657016449434)]
a ghost spike has been detected: [(666000886.1917243, 34.959941511415515), (666006683.476798, 29.965657016449434), (666007780.9831688, 34.62698418998563)]
this eROday file is indeed being read e_6_46252_002_c030.fits
the skew was high the mean too
this eROday file is indeed being read e_6_46253_002_c030.fits
the skew was high the mean too
a ghost spike has been detected: [(666036418.0726297, 69.01180271239177)]
a ghost spike has been detected: [(666036418.0726297, 69.01180271239177), (666038062.4803936, 62.15099068585944)]
a ghost spike has been detected: [(666036418.0726297, 69.01180271239177), (666038062.4803936, 62.15099068585944), (666038441.289109, 133.18062384598653)]
a ghost spike has been detected: [(666036418.0726297, 69.01180271239177), (666038062.4803936, 62.15099068585944), (666038441.289109, 133.18062384598653), (666038543.481113, 83.54060328342162)]
a ghost spike has been detected: [(666036418.0726297, 69.01180271239177), (666038062.4803936, 62.15099068585944), (666038441.289109, 133.18062384598653), (666038543.481113, 83.54060328342162), (666039366.9489263, 86.56743985930358)]
a ghost spike has been detected: [(666036418.0726297, 69.01180271239177), (666038062.4803936, 62.15099068585944), (666038441.289109, 133.18062384598653), (666038543.481113, 83.54060328342162), (666039366.9489263, 86.56743985930358), (666040167.5154963, 109.87410189302018)]
a ghost spike has been detected: [(666036418.0726297, 69.01180271239177), (666038062.4803936, 62.15099068585944), (666038441.289109, 133.18062384598653), (666038543.481113, 83.54060328342162), (666039366.9489263, 86.56743985930358), (666040167.5154963, 109.87410189302018), (666041952.3087773, 64.9255863368707)]
this eROday file is indeed being read e_6_46254_002_c030.fits
the skew was high the mean too
a ghost spike has been detected: [(666046441.3222015, 59.93132830528374)]
a ghost spike has been detected: [(666046441.3222015, 59.93132830528374), (666052151.3342152, 97.03162488260699)]
a ghost spike has been detected: [(666046441.3222015, 59.93132830528374), (666052151.3342152, 97.03162488260699), (666055490.9830321, 34.24646166637976)]
this eROday file is indeed being read e_6_46258_002_c030.fits
the skew was low, the mean high
a ghost spike has been detected: [(666103823.4670681, 785.7663044470535)]
this eROday file is indeed being read e_6_46259_002_c030.fits
the skew was high the mean too
this eROday file is indeed being read e_6_46288_002_c030.fits
the skew was high the mean low
this eROday file is indeed being read e_6_46291_002_c030.fits
the skew was high the mean too
a ghost spike has been detected: [(666577258.7741561, 159.81687548075664)]
this eROday file is indeed being read e_6_46313_002_c030.fits
the skew was high the mean too
a ghost spike has been detected: [(666904057.6732769, 39.95423246294452)]
a ghost spike has been detected: [(666904057.6732769, 39.95423246294452), (666904057.8484774, 359.5879698317024)]
this eROday file is indeed being read e_6_46314_002_c030.fits
the skew was high the mean low
this eROday file is indeed being read e_6_46326_002_c030.fits
the skew was low, the mean high
a ghost spike has been detected: [(667084647.8480957, 62.78520108172582)]
this eROday file is indeed being read e_6_46329_002_c030.fits
the skew was low, the mean high
a ghost spike has been detected: [(667130941.2998912, 259.70242265622954)]
this eROday file is indeed being read e_6_46332_002_c030.fits
the skew was high the mean too
a ghost spike has been detected: [(667175939.5928357, 79.90843774037832)]
this eROday file is indeed being read e_6_46333_002_c030.fits
the skew was high the mean too
a ghost spike has been detected: [(667184850.1391906, 159.81697063006843)]
this eROday file is indeed being read e_6_46334_002_c030.fits
the skew was high the mean too
a ghost spike has been detected: [(667203306.634112, 119.86265661056748)]
this eROday file is indeed being read e_6_46335_002_c030.fits
the skew was high the mean low
this eROday file is indeed being read e_6_46336_002_c030.fits
the skew was high the mean too
a ghost spike has been detected: [(667226260.6000693, 68.49296993647631)]
this eROday file is indeed being read e_6_46337_002_c030.fits
the skew was high the mean too
this eROday file is indeed being read e_6_46341_002_c030.fits
the skew was high the mean too
this eROday file is indeed being read e_6_46342_002_c030.fits
the skew was high the mean too
this eROday file is indeed being read e_6_46343_002_c030.fits
the skew was high the mean too
this eROday file is indeed being read e_6_46346_002_c030.fits
the skew was high the mean too
a ghost spike has been detected: [(667368780.1750093, 37.73455502127105)]
a ghost spike has been detected: [(667368780.1750093, 37.73455502127105), (667381756.2971115, 29.965676046303482)]
this eROday file is indeed being read e_6_46347_002_c030.fits
the skew was low, the mean high
a ghost spike has been detected: [(667391580.4875813, 71.91761109321048)]
a ghost spike has been detected: [(667391580.4875813, 71.91761109321048), (667394642.190733, 51.94050927006402)]
this eROday file is indeed being read e_6_46349_002_c030.fits
the skew was low, the mean high
this eROday file is indeed being read e_6_46350_002_c030.fits
the skew was low, the mean high
this eROday file is indeed being read e_6_46351_002_c030.fits
the skew was low, the mean high
a ghost spike has been detected: [(667446453.5706019, 32.343906137890734)]
this eROday file is indeed being read e_6_46358_002_c030.fits
the skew was high the mean low
a ghost spike has been detected: [(667547299.8507552, 106.54466823102057)]
a ghost spike has been detected: [(667547299.8507552, 106.54466823102057), (667555030.8458717, 87.89932338010834)]
this eROday file is indeed being read e_6_46372_002_c030.fits
the skew was high the mean low
a ghost spike has been detected: [(667754332.8834937, 35.95881411004432)]
this eROday file is indeed being read e_6_46415_002_c030.fits
the skew was high the mean too
this eROday file is indeed being read e_6_46417_002_c030.fits
the skew was high the mean too
a ghost spike has been detected: [(668394222.2211614, 159.81687548075664)]
this eROday file is indeed being read e_6_46418_002_c030.fits
the skew was low, the mean high
a ghost spike has been detected: [(668412262.6883814, 33.29518679688299)]
this eROday file is indeed being read e_6_46420_002_c030.fits
the skew was high the mean too
this eROday file is indeed being read e_6_46422_002_c030.fits
the skew was high the mean too
a ghost spike has been detected: [(668464997.7270281, 33.56156303305969)]
a ghost spike has been detected: [(668464997.7270281, 33.56156303305969), (668467498.4374144, 42.30450259656081)]
a ghost spike has been detected: [(668464997.7270281, 33.56156303305969), (668467498.4374144, 42.30450259656081), (668467551.4730725, 179.7939849158512)]
this eROday file is indeed being read e_6_46423_002_c030.fits
the skew was high the mean too
a ghost spike has been detected: [(668482937.5640544, 106.54475280833765)]
this eROday file is indeed being read e_6_46427_002_c030.fits
the skew was high the mean low
a ghost spike has been detected: [(668539139.5519273, 37.45710249142228)]
a ghost spike has been detected: [(668539139.5519273, 37.45710249142228), (668544488.6207182, 59.931363986275656)]
this eROday file is indeed being read e_6_46451_002_c030.fits
the skew was high the mean low
a ghost spike has been detected: [(668891332.0361965, 68.4929000309249)]
this eROday file is indeed being read e_6_46452_002_c030.fits
the skew was low, the mean high
a ghost spike has been detected: [(668903629.9824941, 64.9255863368707)]
a ghost spike has been detected: [(668903629.9824941, 64.9255863368707), (668908165.8266993, 44.65467767496585)]
this eROday file is indeed being read e_6_46459_002_c030.fits
the skew was high the mean too
this eROday file is indeed being read e_6_46460_002_c030.fits
the skew was high the mean low
a ghost spike has been detected: [(669012159.7139037, 31.63040130202103)]
a ghost spike has been detected: [(669012159.7139037, 31.63040130202103), (669016370.8108921, 39.95420102971179)]
this eROday file is indeed being read e_6_46462_002_c030.fits
the skew was high the mean too
a ghost spike has been detected: [(669043467.189679, 49.942751287139735)]
this eROday file is indeed being read e_6_46464_002_c030.fits
the skew was high the mean too
a ghost spike has been detected: [(669070206.4841254, 59.93128073069394)]
a ghost spike has been detected: [(669070206.4841254, 59.93128073069394), (669077133.3901985, 44.654696441404276)]
this eROday file is indeed being read e_6_46465_002_c030.fits
the skew was high the mean low
this eROday file is indeed being read e_6_46480_002_c030.fits
the skew was high the mean low
a ghost spike has been detected: [(669300608.8691032, 86.56743985930358)]
a ghost spike has been detected: [(669300608.8691032, 86.56743985930358), (669311374.0456558, 62.785158361681155)]
this eROday file is indeed being read e_6_46492_002_c030.fits
the skew was low, the mean high
a ghost spike has been detected: [(669470846.5842619, 73.24934311529259)]
a ghost spike has been detected: [(669470846.5842619, 73.24934311529259), (669477550.0605844, 37.60396016579979)]
this eROday file is indeed being read e_6_46493_002_c030.fits
the skew was low, the mean high
a ghost spike has been detected: [(669486278.0052156, 79.90837430759193)]
a ghost spike has been detected: [(669486278.0052156, 79.90837430759193), (669487955.9018102, 79.90837430759193)]
this eROday file is indeed being read e_6_46497_002_c030.fits
the skew was high the mean too
this eROday file is indeed being read e_6_46498_002_c030.fits
the skew was high the mean too
this eROday file is indeed being read e_6_46500_002_c030.fits
the skew was high the mean too
a ghost spike has been detected: [(669587809.8197062, 159.81674861518385)]
a ghost spike has been detected: [(669587809.8197062, 159.81674861518385), (669594467.317536, 226.40724026440523)]
a ghost spike has been detected: [(669587809.8197062, 159.81674861518385), (669594467.317536, 226.40724026440523), (669598551.3440475, 57.71161893744207)]
this eROday file is indeed being read e_6_46501_002_c030.fits
the skew was high the mean too
a ghost spike has been detected: [(669602957.4153345, 87.89923964876384)]
a ghost spike has been detected: [(669602957.4153345, 87.89923964876384), (669607924.2023453, 66.59034716342083)]
this eROday file is indeed being read e_6_46502_002_c030.fits
the skew was high the mean too
a ghost spike has been detected: [(669618563.7362237, 106.54449907678922)]
a ghost spike has been detected: [(669618563.7362237, 106.54449907678922), (669624845.9290454, 43.58640171308954)]
this eROday file is indeed being read e_6_46503_002_c030.fits
the skew was high the mean too
this eROday file is indeed being read e_6_46504_002_c030.fits
the skew was high the mean too
a ghost spike has been detected: [(669645364.5759926, 32.462778673056114)]
a ghost spike has been detected: [(669645364.5759926, 32.462778673056114), (669647404.061553, 93.22651069710804)]
this eROday file is indeed being read e_6_46505_002_c030.fits
the skew was high the mean too
this eROday file is indeed being read e_6_46507_002_c030.fits
the skew was high the mean low
a ghost spike has been detected: [(669691338.321059, 33.56152786589165)]
a ghost spike has been detected: [(669691338.321059, 33.56152786589165), (669693832.5017892, 103.88096906249181)]
a ghost spike has been detected: [(669691338.321059, 33.56152786589165), (669693832.5017892, 103.88096906249181), (669696401.1677203, 239.72531322113497)]
this eROday file is indeed being read e_6_46509_002_c030.fits
the skew was high the mean too
a ghost spike has been detected: [(669722679.5598627, 21.51380227868716)]
a ghost spike has been detected: [(669722679.5598627, 21.51380227868716), (669725432.611897, 39.95420527744305)]
this eROday file is indeed being read e_6_46511_002_c030.fits
the skew was high the mean too
a ghost spike has been detected: [(669747989.8937573, 84.90266455114028)]
this eROday file is indeed being read e_6_46512_002_c030.fits
the skew was high the mean low
a ghost spike has been detected: [(669758511.1159513, 57.43413833454738)]
a ghost spike has been detected: [(669758511.1159513, 57.43413833454738), (669759120.8392955, 66.59031192299327)]
a ghost spike has been detected: [(669758511.1159513, 57.43413833454738), (669759120.8392955, 66.59031192299327), (669772317.4005406, 139.8396827901134)]
this eROday file is indeed being read e_6_46516_002_c030.fits
the skew was high the mean too
this eROday file is indeed being read e_6_46518_002_c030.fits
the skew was low, the mean high

a ghost spike has been detected: [(669852471.735414, 50.85081300760204)]
this eROday file is indeed being read e_6_46520_002_c030.fits
the skew was low, the mean high
this eROday file is indeed being read e_6_46541_002_c030.fits
the skew was high the mean too
a ghost spike has been detected: [(670190385.7339015, 46.61321834609529)]
this eROday file is indeed being read e_6_46558_002_c030.fits
the skew was low, the mean high
a ghost spike has been detected: [(670425441.9185134, 75.91297969665968)]
this eROday file is indeed being read e_6_46576_002_c030.fits
the skew was high the mean low
a ghost spike has been detected: [(670686666.360753, 57.71161893744207)]
this eROday file is indeed being read e_6_46578_002_c030.fits
the skew was high the mean too
a ghost spike has been detected: [(670710412.7269926, 47.94502839051962)]
a ghost spike has been detected: [(670710412.7269926, 47.94502839051962), (670721292.809299, 54.93701823897312)]
this eROday file is indeed being read e_6_46590_002_c030.fits
the skew was high the mean low
this eROday file is indeed being read e_6_46607_002_c030.fits
the skew was high the mean low
a ghost spike has been detected: [(671128856.6061537, 146.49880252402693)]
a ghost spike has been detected: [(671128856.6061537, 146.49880252402693), (671130713.732641, 93.22647369463462)]
this eROday file is indeed being read e_6_46610_002_c030.fits
the skew was high the mean low
a ghost spike has been detected: [(671180272.600915, 159.81674861518385)]
this eROday file is indeed being read e_6_46633_002_c030.fits
the skew was high the mean low
a ghost spike has been detected: [(671500846.0152159, 79.90837430759193)]
this eROday file is indeed being read e_6_46635_002_c030.fits
the skew was high the mean low
a ghost spike has been detected: [(671534071.5809276, 59.931310464803715)]
a ghost spike has been detected: [(671534071.5809276, 59.931310464803715), (671542487.0900605, 79.9083996806944)]
this eROday file is indeed being read e_6_46637_002_c030.fits
the skew was high the mean too
a ghost spike has been detected: [(671560663.8764722, 62.15097424032223)]
a ghost spike has been detected: [(671560663.8764722, 62.15097424032223), (671565069.6705225, 74.91413808100464)]
this eROday file is indeed being read e_6_46665_002_c030.fits
the skew was low, the mean high
a ghost spike has been detected: [(671964623.0220122, 119.86256146138788)]
a ghost spike has been detected: [(671964623.0220122, 119.86256146138788), (671967908.4830483, 27.24150991719783)]
this eROday file is indeed being read e_6_46666_002_c030.fits
the skew was high the mean too
this eROday file is indeed being read e_6_46667_002_c030.fits
the skew was high the mean too
a ghost spike has been detected: [(671998816.3661345, 93.22647369463462)]
this eROday file is indeed being read e_6_46669_002_c030.fits
the skew was high the mean too

a ghost spike has been detected: [(672021079.8032835, 93.22643669219057)]
this eROday file is indeed being read e_6_46671_002_c030.fits
the skew was high the mean too
this eROday file is indeed being read e_6_46672_002_c030.fits
the skew was high the mean too
this eROday file is indeed being read e_6_46673_002_c030.fits
the skew was high the mean too
a ghost spike has been detected: [(672084358.8439033, 57.077455528841654)]
this eROday file is indeed being read e_6_46674_002_c030.fits
the skew was high the mean too
a ghost spike has been detected: [(672094940.6830966, 53.27227773073666)]
this eROday file is indeed being read e_6_46675_002_c030.fits
the skew was high the mean low
this eROday file is indeed being read e_6_46677_002_c030.fits
the skew was high the mean low
a ghost spike has been detected: [(672147490.7158332, 62.15099068585944)]
a ghost spike has been detected: [(672147490.7158332, 62.15099068585944), (672148634.3752798, 37.85134626831512)]
this eROday file is indeed being read e_6_46678_002_c030.fits
the skew was high the mean too
a ghost spike has been detected: [(672149227.1790152, 79.90840602397253)]
a ghost spike has been detected: [(672149227.1790152, 79.90840602397253), (672159762.3639838, 119.86258524866862)]
a ghost spike has been detected: [(672149227.1790152, 79.90840602397253), (672159762.3639838, 119.86258524866862), (672161815.6396044, 46.61323684731731)]
this eROday file is indeed being read e_6_46679_002_c030.fits
the skew was high the mean too
a ghost spike has been detected: [(672165541.4553571, 33.29517248044651)]
a ghost spike has been detected: [(672165541.4553571, 33.29517248044651), (672174715.8569329, 53.27227773073666)]
this eROday file is indeed being read e_6_46680_002_c030.fits
the skew was high the mean low
a ghost spike has been detected: [(672181310.2818091, 63.926750192302656)]
a ghost spike has been detected: [(672181310.2818091, 63.926750192302656), (672187743.3704686, 50.85081300760204)]
this eROday file is indeed being read e_6_46681_002_c030.fits
the skew was high the mean too
this eROday file is indeed being read e_6_46682_002_c030.fits
the skew was high the mean too
a ghost spike has been detected: [(672206732.5088015, 64.9255863368707)]
a ghost spike has been detected: [(672206732.5088015, 64.9255863368707), (672210969.5095267, 79.90843774037832)]
this eROday file is indeed being read e_6_46684_002_c030.fits
the skew was high the mean too
a ghost spike has been detected: [(672246968.7939701, 126.52169308893234)]
a ghost spike has been detected: [(672246968.7939701, 126.52169308893234), (672249099.7085763, 38.2894445531535)]
this eROday file is indeed being read e_6_46690_002_c030.fits
the skew was high the mean low
a ghost spike has been detected: [(672323055.9690816, 55.935879776486075)]
a ghost spike has been detected: [(672323055.9690816, 55.935879776486075), (672323328.9315884, 42.173880957096614)]
a ghost spike has been detected: [(672323055.9690816, 55.935879776486075), (672323328.9315884, 42.173880957096614), (672330614.4711045, 159.81687548075664)]
a ghost spike has been detected: [(672323055.9690816, 55.935879776486075), (672323328.9315884, 42.173880957096614), (672330614.4711045, 159.81687548075664), (672332687.4689194, 25.77690945948313)]
this eROday file is indeed being read e_6_46697_002_c030.fits
the skew was high the mean too
a ghost spike has been detected: [(672429743.9062185, 39.95421887018916)]
this eROday file is indeed being read e_6_46698_002_c030.fits
the skew was high the mean low
a ghost spike has been detected: [(672440175.7475355, 48.83292125317527)]
this eROday file is indeed being read e_6_46699_002_c030.fits
the skew was high the mean too
a ghost spike has been detected: [(672458030.2352328, 133.1807295672972)]
this eROday file is indeed being read e_6_46700_002_c030.fits
the skew was high the mean low
this eROday file is indeed being read e_6_46701_002_c030.fits
the skew was low, the mean high
a ghost spike has been detected: [(672485647.673913, 179.7939849158512)]
this eROday file is indeed being read e_6_46705_002_c030.fits
the skew was high the mean too
a ghost spike has been detected: [(672543185.7862551, 25.234243496961575)]
this eROday file is indeed being read e_6_46711_002_c030.fits
the skew was high the mean too
a ghost spike has been detected: [(672624903.2740943, 38.138109755701535)]
a ghost spike has been detected: [(672624903.2740943, 38.138109755701535), (672633335.6508272, 119.86265661056748)]
this eROday file is indeed being read e_6_46712_002_c030.fits
the skew was low, the mean high

#####################################################################
 this is optimal_delay in hours, mins, secs 3 h 1 min 4.426653802394867 s
###################################################################################
this is the length of the observation 21480.0
just checking that this is indeed a sorted single individual delays [320. 160.   0.]
########this obsID is going to be correlated########### 0884220201
this is max 7289.216690997488 this is min 0.0
these are the high correlation delays []
this is the small shift between the xmm and erosita time series (time_xmm[0] - time_erosita[0]) 56.72495079040527
#####################################################################
 this is optimal_delay in hours, mins, secs 2 h 2 min 25.941641787892877 s
###################################################################################
this is the length of the observation 11760.0
just checking that this is indeed a sorted single individual delays [320. 160.   0.]
########this obsID is going to be correlated########### 9388300002
this is max 8113.107012262647 this is min 14167.664484100442
these are the high correlation delays [array([7992.01586283]), array([8113.10701226]), array([8234.1981617]), array([8355.28931114])]
this is the small shift between the xmm and erosita time series (time_xmm[0] - time_erosita[0]) 84.25746786594391
#####################################################################
 this is optimal_delay in hours, mins, secs 2 h 16 min 37.36448012859182 s
###################################################################################
this is the length of the observation 17160.0
just checking that this is indeed a sorted single individual delays [320. 160.   0.]
########this obsID is going to be correlated########### 0862900501
this is max 0.0 this is min 2327.789665366119
these are the high correlation delays [array([0.]), array([122.51524555])]
this is the small shift between the xmm and erosita time series (time_xmm[0] - time_erosita[0]) 28.629995465278625
#####################################################################
 this is optimal_delay in hours, mins, secs 0 h 0 min 28.629995465278625 s
###################################################################################
this is the length of the observation 6480.0
just checking that this is indeed a sorted single individual delays [320. 160.   0.]
########this obsID is going to be correlated########### 0861582001
this is max 0.0 this is min 3514.627564380093
these are the high correlation delays [array([0.]), array([242.38810789]), array([727.16432366]), array([1211.94053944])]
this is the small shift between the xmm and erosita time series (time_xmm[0] - time_erosita[0]) 77.40084612369537
#####################################################################
 this is optimal_delay in hours, mins, secs 0 h 1 min 17.400846123695374 s
###################################################################################
this is the length of the observation 15240.0
just checking that this is indeed a sorted single individual delays [480. 320. 160.   0.]
########this obsID is going to be correlated########### 0811012701
this is max 0.0 this is min 4170.117804365158
these are the high correlation delays [array([0.]), array([122.65052366])]
this is the small shift between the xmm and erosita time series (time_xmm[0] - time_erosita[0]) 24.346917033195496
#####################################################################
 this is optimal_delay in hours, mins, secs 0 h 0 min 24.346917033195496 s
###################################################################################
this is the length of the observation 6120.0
just checking that this is indeed a sorted single individual delays [320. 160.   0.]
########this obsID is going to be correlated########### 0870850201
this is max 486.26964713714926 this is min 3039.185294607183
these are the high correlation delays [array([364.70223535]), array([486.26964714]), array([607.83705892])]
this is the small shift between the xmm and erosita time series (time_xmm[0] - time_erosita[0]) 32.114136695861816
#####################################################################
 this is optimal_delay in hours, mins, secs 0 h 8 min 38.38378383301108 s
###################################################################################
this is the length of the observation 11040.0
just checking that this is indeed a sorted single individual delays [320. 160.   0.]
########this obsID is going to be correlated########### 0862980101
this is max 2543.8803387324015 this is min 484.54863594902884
these are the high correlation delays []
this is the small shift between the xmm and erosita time series (time_xmm[0] - time_erosita[0]) 14.440579414367676
#####################################################################
 this is optimal_delay in hours, mins, secs 0 h 42 min 38.320918146769145 s
###################################################################################
this is the length of the observation 16320.0
just checking that this is indeed a sorted single individual delays [320. 160.   0.]
########this obsID is going to be correlated########### 0852600201
this is max 7397.504666020727 this is min 10429.26887340627
these are the high correlation delays []
this is the small shift between the xmm and erosita time series (time_xmm[0] - time_erosita[0]) 93.88433182239532
#####################################################################
 this is optimal_delay in hours, mins, secs 2 h 4 min 51.388997843122525 s
###################################################################################
this is the length of the observation 14160.0
just checking that this is indeed a sorted single individual delays [320. 160.   0.]
########this obsID is going to be correlated########### 0862900201
this is max 4850.699122828296 this is min 242.5349561414148
these are the high correlation delays [array([4850.69912283]), array([4971.9666009]), array([5093.23407897]), array([5214.50155704]), array([5335.76903511]), array([6669.71129389]), array([6790.97877196])]
this is the small shift between the xmm and erosita time series (time_xmm[0] - time_erosita[0]) 103.71392393112183
#####################################################################
 this is optimal_delay in hours, mins, secs 1 h 22 min 34.41304675941774 s
###################################################################################
this is the length of the observation 14160.0
just checking that this is indeed a sorted single individual delays [320. 160.   0.]
########this obsID is going to be correlated########### 0862950401
this is max 2065.92219296288 this is min 1579.8228534422026
these are the high correlation delays [array([729.14900928]), array([850.67384416]), array([972.19867904]), array([1944.39735808]), array([2065.92219296]), array([2187.44702784]), array([2430.4966976])]
this is the small shift between the xmm and erosita time series (time_xmm[0] - time_erosita[0]) 14.486241459846497
#####################################################################
 this is optimal_delay in hours, mins, secs 0 h 34 min 40.408434422726714 s
###################################################################################
this is the length of the observation 11400.0
just checking that this is indeed a sorted single individual delays [480. 320. 160.   0.]
there was an index error for time_xmm[0] and time_erosita[0]
########this obsID is going to be correlated########### 0862900301
this is max 6669.502958904983 this is min 2667.801183561993
these are the high correlation delays [array([6426.97557858]), array([6548.23926874]), array([6669.5029589]), array([6790.76664907])]
this is the small shift between the xmm and erosita time series (time_xmm[0] - time_erosita[0]) 31.749509811401367
#####################################################################
 this is optimal_delay in hours, mins, secs 1 h 51 min 41.2524687163841 s
###################################################################################
this is the length of the observation 14160.0
just checking that this is indeed a sorted single individual delays [320. 160.   0.]
########this obsID is going to be correlated########### 0862770701
this is max 6881.891657253273 this is min 11349.084487400134
these are the high correlation delays [array([6519.68683319]), array([6640.42177454]), array([6761.1567159]), array([6881.89165725]), array([7002.62659861]), array([7123.36153996]), array([7244.09648132]), array([7364.83142267]), array([7485.56636403]), array([8692.91577758]), array([8813.65071894]), array([8934.38566029]), array([9055.12060165]), array([9175.855543]), array([10141.73507385]), array([10745.40978062]), array([12435.6989596]), array([12556.43390095]), array([12677.16884231]), array([12797.90378366])]
this is the small shift between the xmm and erosita time series (time_xmm[0] - time_erosita[0]) 55.3098429441452
#####################################################################
 this is optimal_delay in hours, mins, secs 1 h 55 min 37.20150019741777 s
###################################################################################
this is the length of the observation 28680.0
just checking that this is indeed a sorted single individual delays [480. 320. 160.   0.]
########this obsID is going to be correlated########### 0860302601
this is max 849.1699126660823 this is min 7521.219226471014
these are the high correlation delays [array([849.16991267])]
this is the small shift between the xmm and erosita time series (time_xmm[0] - time_erosita[0]) 15.30086374282837
#####################################################################
 this is optimal_delay in hours, mins, secs 0 h 14 min 24.470776408910638 s
###################################################################################
this is the length of the observation 13560.0
just checking that this is indeed a sorted single individual delays [320. 160.   0.]
########this obsID is going to be correlated########### 0852600301
this is max 5820.475117707864 this is min 1697.638575998127
these are the high correlation delays [array([5820.47511771])]
this is the small shift between the xmm and erosita time series (time_xmm[0] - time_erosita[0]) 49.2520135641098
#####################################################################
 this is optimal_delay in hours, mins, secs 1 h 37 min 49.72713127197403 s
###################################################################################
this is the length of the observation 14160.0
just checking that this is indeed a sorted single individual delays [480. 320. 160.   0.]
########this obsID is going to be correlated########### 0864621301
this is max 4889.752656403963 this is min 1344.6819805110895
these are the high correlation delays [array([2444.8763282]), array([4889.7526564]), array([5011.99647281]), array([5256.48410563]), array([5378.72792204])]
this is the small shift between the xmm and erosita time series (time_xmm[0] - time_erosita[0]) 44.51587617397308
#####################################################################
 this is optimal_delay in hours, mins, secs 1 h 22 min 14.26853257793573 s
###################################################################################
this is the length of the observation 13440.0
just checking that this is indeed a sorted single individual delays [480. 320. 160.   0.]
########this obsID is going to be correlated########### 0861171301
this is max 23887.811521929758 this is min 13632.942939283144
these are the high correlation delays []
this is the small shift between the xmm and erosita time series (time_xmm[0] - time_erosita[0]) 37.72578465938568
#####################################################################
 this is optimal_delay in hours, mins, secs 6 h 38 min 45.537306589143554 s
###################################################################################
this is the length of the observation 34200.0
just checking that this is indeed a sorted single individual delays [480. 320. 160.   0.]
########this obsID is going to be correlated########### 0864530101
this is max 742.3582775309934 this is min 5443.960701893951
these are the high correlation delays []
this is the small shift between the xmm and erosita time series (time_xmm[0] - time_erosita[0]) 55.34507918357849
#####################################################################
 this is optimal_delay in hours, mins, secs 0 h 13 min 17.703356714571896 s
###################################################################################
this is the length of the observation 7200.0
just checking that this is indeed a sorted single individual delays [320. 160.   0.]
########this obsID is going to be correlated########### 0861171501
this is max 7275.69155607468 this is min 2546.492044626138
these are the high correlation delays []
this is the small shift between the xmm and erosita time series (time_xmm[0] - time_erosita[0]) 106.76945781707764
#####################################################################
 this is optimal_delay in hours, mins, secs 2 h 3 min 2.4610138917578297 s
###################################################################################
this is the length of the observation 14160.0
just checking that this is indeed a sorted single individual delays [480. 320. 160.   0.]
there was an index error for time_xmm[0] and time_erosita[0]
########this obsID is going to be correlated########### 0853210501
this is max 18359.12097626081 this is min 16305.798235494796
these are the high correlation delays []
this is the small shift between the xmm and erosita time series (time_xmm[0] - time_erosita[0]) 92.37994766235352
#####################################################################
 this is optimal_delay in hours, mins, secs 5 h 7 min 31.50092392316219 s
###################################################################################
this is the length of the observation 26400.0
just checking that this is indeed a sorted single individual delays [480. 320. 160.   0.]
########this obsID is going to be correlated########### 0886010201
this is max 130.26371585329372 this is min 911.8460109730561
these are the high correlation delays [array([130.26371585])]
this is the small shift between the xmm and erosita time series (time_xmm[0] - time_erosita[0]) 49.5378737449646
#####################################################################
 this is optimal_delay in hours, mins, secs 0 h 2 min 59.80158959825832 s
###################################################################################
this is the length of the observation 1560.0
The duration of the observation was shorter than 3 times the window length: a window by window analysis will therefore not be provided
########this obsID is going to be correlated########### 0861171901
this is max 1929.251149357387 this is min 5908.331644906998
these are the high correlation delays [array([0.]), array([1688.09475569]), array([1808.67295252]), array([1929.25114936]), array([2049.82934619]), array([2170.40754303]), array([3617.34590505])]
this is the small shift between the xmm and erosita time series (time_xmm[0] - time_erosita[0]) 37.10021471977234
#####################################################################
 this is optimal_delay in hours, mins, secs 0 h 32 min 46.35136407715936 s
###################################################################################
this is the length of the observation 42120.0
just checking that this is indeed a sorted single individual delays [480. 320. 160.   0.]
########this obsID is going to be correlated########### 0864550601
this is max 1096.2666171020585 this is min 5968.5626931112065
these are the high correlation delays [array([1096.2666171])]
this is the small shift between the xmm and erosita time series (time_xmm[0] - time_erosita[0]) 52.93863582611084
#####################################################################
 this is optimal_delay in hours, mins, secs 0 h 19 min 9.20525292816933 s
###################################################################################
this is the length of the observation 9240.0
just checking that this is indeed a sorted single individual delays [320. 160.   0.]
there was an index error for time_xmm[0] and time_erosita[0]
########this obsID is going to be correlated########### 0861260101
this is max 12788.803688511405 this is min 15081.136425131375
these are the high correlation delays [array([12788.80368851]), array([31489.41285567])]
this is the small shift between the xmm and erosita time series (time_xmm[0] - time_erosita[0]) 39.447198271751404
#####################################################################
 this is optimal_delay in hours, mins, secs 3 h 33 min 48.2508867831566 s
###################################################################################
this is the length of the observation 35040.0
just checking that this is indeed a sorted single individual delays [480. 320. 160.   0.]
########this obsID is going to be correlated########### 0861171101
this is max 8683.810132124408 this is min 7115.899969379724
these are the high correlation delays [array([8442.59318401]), array([8563.20165807]), array([8683.81013212]), array([8804.41860618]), array([8925.02708024]), array([9045.6355543]), array([10131.11182081]), array([10251.72029487]), array([11337.19656138]), array([11457.80503544]), array([11578.4135095]), array([11699.02198356]), array([11819.63045761]), array([11940.23893167]), array([12060.84740573])]
this is the small shift between the xmm and erosita time series (time_xmm[0] - time_erosita[0]) 109.4559074640274
#####################################################################
 this is optimal_delay in hours, mins, secs 2 h 26 min 33.26603958843589 s
###################################################################################
this is the length of the observation 38760.0
just checking that this is indeed a sorted single individual delays [480. 320. 160.   0.]
########this obsID is going to be correlated########### 0864340101
this is max 242.62726067207953 this is min 1334.4499336964373
these are the high correlation delays [array([121.31363034]), array([242.62726067]), array([363.94089101]), array([485.25452134]), array([606.56815168]), array([727.88178202])]
this is the small shift between the xmm and erosita time series (time_xmm[0] - time_erosita[0]) 47.175466775894165
#####################################################################
 this is optimal_delay in hours, mins, secs 0 h 4 min 49.802727447973666 s
###################################################################################
this is the length of the observation 13440.0
just checking that this is indeed a sorted single individual delays [480. 320. 160.   0.]
########this obsID is going to be correlated########### 0864440201
this is max 1212.7027289480227 this is min 0.0
these are the high correlation delays [array([1212.70272895])]
this is the small shift between the xmm and erosita time series (time_xmm[0] - time_erosita[0]) 97.12972342967987
#####################################################################
 this is optimal_delay in hours, mins, secs 0 h 21 min 49.832452377702566 s
###################################################################################
this is the length of the observation 14160.0
just checking that this is indeed a sorted single individual delays [480. 320. 160.   0.]
there was an index error for time_xmm[0] and time_erosita[0]
########this obsID is going to be correlated########### 0810871401
this is max 6531.976450959589 this is min 725.775161217732
these are the high correlation delays [array([6531.97645096])]
this is the small shift between the xmm and erosita time series (time_xmm[0] - time_erosita[0]) 30.457983136177063
#####################################################################
 this is optimal_delay in hours, mins, secs 1 h 49 min 22.434434095765937 s
###################################################################################
this is the length of the observation 18960.0
just checking that this is indeed a sorted single individual delays [320. 160.   0.]
########this obsID is going to be correlated########### 0872392801
this is max 4018.9055106089663 this is min 2557.4853249329785
these are the high correlation delays [array([4018.90551061])]
this is the small shift between the xmm and erosita time series (time_xmm[0] - time_erosita[0]) 102.93830466270447
#####################################################################
 this is optimal_delay in hours, mins, secs 1 h 8 min 41.84381527167079 s
###################################################################################
this is the length of the observation 9480.0
just checking that this is indeed a sorted single individual delays [320. 160.   0.]
########this obsID is going to be correlated########### 0882340601
this is max 6098.353462261067 this is min 0.0
these are the high correlation delays [array([6098.35346226]), array([6586.22173924])]
this is the small shift between the xmm and erosita time series (time_xmm[0] - time_erosita[0]) 81.25116670131683
#####################################################################
 this is optimal_delay in hours, mins, secs 1 h 42 min 59.604628962383686 s
###################################################################################
this is the length of the observation 13800.0
just checking that this is indeed a sorted single individual delays [480. 320. 160.   0.]
########this obsID is going to be correlated########### 0882870201
this is max 2303.889816711515 this is min 1333.8309465171926
these are the high correlation delays []
this is the small shift between the xmm and erosita time series (time_xmm[0] - time_erosita[0]) 24.224560141563416
#####################################################################
 this is optimal_delay in hours, mins, secs 0 h 38 min 48.114376853078284 s
###################################################################################
this is the length of the observation 14280.0
just checking that this is indeed a sorted single individual delays [320. 160.   0.]
########this obsID is going to be correlated########### 0870870801
this is max 6640.772935344893 this is min 2294.0851958464177
these are the high correlation delays []
this is the small shift between the xmm and erosita time series (time_xmm[0] - time_erosita[0]) 26.46887183189392
#####################################################################
 this is optimal_delay in hours, mins, secs 1 h 51 min 7.241807176787006 s
###################################################################################
this is the length of the observation 28680.0
just checking that this is indeed a sorted single individual delays [480. 320. 160.   0.]
########this obsID is going to be correlated########### 0864050601
this is max 2423.978719499803 this is min 5938.747862774518
these are the high correlation delays [array([848.39255182]), array([969.5914878]), array([1090.79042377]), array([1211.98935975]), array([1333.18829572]), array([2181.58084755]), array([2302.77978352]), array([2423.9787195]), array([2545.17765547])]
this is the small shift between the xmm and erosita time series (time_xmm[0] - time_erosita[0]) 21.62966775894165
#####################################################################
 this is optimal_delay in hours, mins, secs 0 h 40 min 45.60838725874464 s
###################################################################################
this is the length of the observation 15000.0
just checking that this is indeed a sorted single individual delays [480. 320. 160.   0.]
########this obsID is going to be correlated########### 0864052501
this is max 8319.980864105588 this is min 2893.906387514987
these are the high correlation delays [array([8319.98086411]), array([8922.87802817])]
this is the small shift between the xmm and erosita time series (time_xmm[0] - time_erosita[0]) 22.047919988632202
#####################################################################
 this is optimal_delay in hours, mins, secs 2 h 19 min 2.0287840942201 s
###################################################################################
this is the length of the observation 42600.0
just checking that this is indeed a sorted single individual delays [480. 320. 160.   0.]
########this obsID is going to be correlated########### 0865011301
this is max 364.5277379487691 this is min 5224.8975772656895
these are the high correlation delays [array([0.]), array([121.50924598]), array([243.01849197]), array([364.52773795]), array([486.03698393]), array([607.54622991]), array([729.0554759])]
this is the small shift between the xmm and erosita time series (time_xmm[0] - time_erosita[0]) 97.18616592884064
#####################################################################
 this is optimal_delay in hours, mins, secs 0 h 7 min 41.71390387760971 s
###################################################################################
this is the length of the observation 11520.0
just checking that this is indeed a sorted single individual delays [320. 160.   0.]
########this obsID is going to be correlated########### 9391500002
this is max 0.0 this is min 11029.545096456528
these are the high correlation delays [array([0.]), array([121.20379227]), array([242.40758454])]
this is the small shift between the xmm and erosita time series (time_xmm[0] - time_erosita[0]) 104.34896695613861
#####################################################################
 this is optimal_delay in hours, mins, secs 0 h 1 min 44.34896695613861 s
###################################################################################
this is the length of the observation 15120.0
just checking that this is indeed a sorted single individual delays [480. 320. 160.   0.]
########this obsID is going to be correlated########### 0863090101
this is max 3255.7851314169643 this is min 10490.86320123244
these are the high correlation delays [array([482.33853799]), array([602.92317248]), array([723.50780698]), array([844.09244148]), array([964.67707598]), array([1085.26171047]), array([1205.84634497]), array([1326.43097947]), array([1447.01561396]), array([1567.60024846]), array([1688.18488296]), array([1808.76951745]), array([1929.35415195]), array([2049.93878645]), array([2170.52342094]), array([2291.10805544]), array([2411.69268994]), array([2532.27732444]), array([2652.86195893]), array([2773.44659343]), array([2894.03122793]), array([3014.61586242]), array([3135.20049692]), array([3255.78513142]), array([3376.36976591]), array([3496.95440041]), array([3617.53903491]), array([3738.1236694]), array([3858.7083039]), array([3979.2929384]), array([4099.8775729]), array([4220.46220739]), array([4341.04684189]), array([4461.63147639]), array([4582.21611088]), array([4702.80074538])]
this is the small shift between the xmm and erosita time series (time_xmm[0] - time_erosita[0]) 68.78230440616608
#####################################################################
 this is optimal_delay in hours, mins, secs 0 h 55 min 24.56743582313038 s
###################################################################################
this is the length of the observation 42840.0
just checking that this is indeed a sorted single individual delays [480. 320. 160.   0.]
########this obsID is going to be correlated########### 0884710101
this is max 1096.0773845865176 this is min 6698.250683584275
these are the high correlation delays [array([487.14550426]), array([608.93188033]), array([730.71825639]), array([974.29100852]), array([1096.07738459]), array([1217.86376065])]
this is the small shift between the xmm and erosita time series (time_xmm[0] - time_erosita[0]) 98.15651452541351
#####################################################################
 this is optimal_delay in hours, mins, secs 0 h 19 min 54.23389911193112 s
###################################################################################
this is the length of the observation 9480.0
just checking that this is indeed a sorted single individual delays [480. 320. 160.   0.]
########this obsID is going to be correlated########### 0865380201
this is max 10771.694081583833 this is min 2299.575141012279
these are the high correlation delays []
this is the small shift between the xmm and erosita time series (time_xmm[0] - time_erosita[0]) 109.78211152553558
#####################################################################
 this is optimal_delay in hours, mins, secs 3 h 1 min 21.476193109368978 s
###################################################################################
this is the length of the observation 18480.0
just checking that this is indeed a sorted single individual delays [480. 320. 160.   0.]
########this obsID is going to be correlated########### 0882110401
this is max 4845.2006598578555 this is min 1816.9502474466958
these are the high correlation delays [array([363.39004949]), array([3876.16052789]), array([4602.94062686]), array([4724.07064336]), array([4845.20065986]), array([4966.33067635])]
this is the small shift between the xmm and erosita time series (time_xmm[0] - time_erosita[0]) 119.58041954040527
#####################################################################
 this is optimal_delay in hours, mins, secs 1 h 22 min 44.78107939826077 s
###################################################################################
this is the length of the observation 16320.0
just checking that this is indeed a sorted single individual delays [480. 320. 160.   0.]
########this obsID is going to be correlated########### 0865011601
this is max 10283.64695815566 this is min 483.9363274426193
these are the high correlation delays []
this is the small shift between the xmm and erosita time series (time_xmm[0] - time_erosita[0]) 3.0494552850723267
#####################################################################
 this is optimal_delay in hours, mins, secs 2 h 51 min 26.696413440731703 s
###################################################################################
this is the length of the observation 19440.0
just checking that this is indeed a sorted single individual delays [480. 320. 160.   0.]
########this obsID is going to be correlated########### 0872392901
this is max 242.7524259810178 this is min 5826.058223544427
these are the high correlation delays [array([0.]), array([242.75242598])]
this is the small shift between the xmm and erosita time series (time_xmm[0] - time_erosita[0]) 99.02082788944244
#####################################################################
 this is optimal_delay in hours, mins, secs 0 h 5 min 41.77325387046028 s
###################################################################################
this is the length of the observation 12840.0
just checking that this is indeed a sorted single individual delays [320. 160.   0.]
########this obsID is going to be correlated########### 0865011701
this is max 8246.101578549442 this is min 1697.7267955837087
these are the high correlation delays [array([8246.10157855])]
this is the small shift between the xmm and erosita time series (time_xmm[0] - time_erosita[0]) 111.6552677154541
#####################################################################
 this is optimal_delay in hours, mins, secs 2 h 19 min 17.756846264896012 s
###################################################################################
this is the length of the observation 14160.0
just checking that this is indeed a sorted single individual delays [320. 160.   0.]
########this obsID is going to be correlated########### 0810811601
this is max 3516.707469147495 this is min 7033.41493829499
these are the high correlation delays [array([3516.70746915])]
this is the small shift between the xmm and erosita time series (time_xmm[0] - time_erosita[0]) 103.69715857505798
#####################################################################
 this is optimal_delay in hours, mins, secs 1 h 0 min 20.40462772255296 s
###################################################################################
this is the length of the observation 14160.0
just checking that this is indeed a sorted single individual delays [480. 320. 160.   0.]
########this obsID is going to be correlated########### 0882720301
this is max 1212.7375758815015 this is min 242.5475151763003
these are the high correlation delays []
this is the small shift between the xmm and erosita time series (time_xmm[0] - time_erosita[0]) 43.0894433259964
#####################################################################
 this is optimal_delay in hours, mins, secs 0 h 20 min 55.82701920749787 s
###################################################################################
this is the length of the observation 14160.0
just checking that this is indeed a sorted single individual delays [320. 160.   0.]
########this obsID is going to be correlated########### 0864430101
this is max 2552.8533745545606 this is min 972.5155712588802
these are the high correlation delays [array([2431.28892815]), array([2552.85337455]), array([2674.41782096]), array([2795.98226737])]
this is the small shift between the xmm and erosita time series (time_xmm[0] - time_erosita[0]) 70.05599117279053
#####################################################################
 this is optimal_delay in hours, mins, secs 0 h 43 min 42.90936572735109 s
###################################################################################
this is the length of the observation 11040.0
just checking that this is indeed a sorted single individual delays [320. 160.   0.]
########this obsID is going to be correlated########### 0864430201
this is max 7275.819014769334 this is min 2667.8003054154224
these are the high correlation delays [array([7275.81901477])]
this is the small shift between the xmm and erosita time series (time_xmm[0] - time_erosita[0]) 79.82788896560669
#####################################################################
 this is optimal_delay in hours, mins, secs 2 h 2 min 35.64690373494068 s
###################################################################################
this is the length of the observation 14160.0
just checking that this is indeed a sorted single individual delays [320. 160.   0.]
########this obsID is going to be correlated########### 0881990101
this is max 1569.7225441311587 this is min 18595.17475355373
these are the high correlation delays [array([482.99155204]), array([724.48732806]), array([965.98310408]), array([1086.73099209]), array([1207.4788801]), array([1328.22676811]), array([1448.97465612]), array([1569.72254413]), array([1690.47043214]), array([1811.21832015]), array([1931.96620816]), array([2173.46198418]), array([2535.70564821])]
this is the small shift between the xmm and erosita time series (time_xmm[0] - time_erosita[0]) 71.71924364566803
#####################################################################
 this is optimal_delay in hours, mins, secs 0 h 27 min 21.441787776826686 s
###################################################################################
this is the length of the observation 28680.0
just checking that this is indeed a sorted single individual delays [480. 320. 160.   0.]
there was an index error for time_xmm[0] and time_erosita[0]
########this obsID is going to be correlated########### 0881560601
this is max 1588.7634510915789 this is min 1099.913158448016
these are the high correlation delays [array([1588.76345109])]
this is the small shift between the xmm and erosita time series (time_xmm[0] - time_erosita[0]) 24.512430787086487
#####################################################################
 this is optimal_delay in hours, mins, secs 0 h 26 min 53.27588187866536 s
###################################################################################
this is the length of the observation 7440.0
just checking that this is indeed a sorted single individual delays [320. 160.   0.]
########this obsID is going to be correlated########### 0871590701
this is max 3376.809291722557 this is min 13869.038162431933
these are the high correlation delays [array([3015.00829618]), array([3135.60862803]), array([3376.80929172]), array([5185.81426943]), array([5306.41460128]), array([5427.01493313]), array([5547.61526497]), array([6874.21891529]), array([19416.6534274])]
this is the small shift between the xmm and erosita time series (time_xmm[0] - time_erosita[0]) 4.3254687786102295
#####################################################################
 this is optimal_delay in hours, mins, secs 0 h 56 min 21.13476050116742 s
###################################################################################
this is the length of the observation 39720.0
just checking that this is indeed a sorted single individual delays [480. 320. 160.   0.]
########this obsID is going to be correlated########### 0883780101
this is max 4965.364356829965 this is min 0.0
these are the high correlation delays []
this is the small shift between the xmm and erosita time series (time_xmm[0] - time_erosita[0]) 103.96260929107666
#####################################################################
 this is optimal_delay in hours, mins, secs 1 h 24 min 29.32696612104155 s
###################################################################################
this is the length of the observation 16800.0
just checking that this is indeed a sorted single individual delays [480. 320. 160.   0.]
########this obsID is going to be correlated########### 9393200007
this is max 79087.35403230302 this is min 53567.538119292
these are the high correlation delays [array([32501.65234204]), array([32622.0288322]), array([32742.40532235]), array([32862.78181251]), array([32983.15830267]), array([33103.53479282]), array([45502.31327886]), array([45863.44274933]), array([69577.61131]), array([69697.98780016]), array([69818.36429031]), array([69938.74078047]), array([70059.11727062]), array([73188.90601467]), array([73309.28250483]), array([73429.65899498]), array([73550.03548514]), array([73670.4119753]), array([73790.78846545]), array([73911.16495561]), array([74031.54144576]), array([74151.91793592]), array([78244.71860121]), array([78365.09509137]), array([78605.84807168]), array([78726.22456184]), array([78846.60105199]), array([78966.97754215]), array([79087.3540323]), array([90643.49708725]), array([90763.87357741]), array([90884.25006756]), array([91004.62655772]), array([91125.00304787]), array([91245.37953803]), array([91365.75602819]), array([91486.13251834]), array([91606.5090085]), array([97023.4510655]), array([97143.82755566]), array([97264.20404582]), array([97384.58053597]), array([97504.95702613])]
this is the small shift between the xmm and erosita time series (time_xmm[0] - time_erosita[0]) 114.61628913879395
#####################################################################
 this is optimal_delay in hours, mins, secs 22 h 0 min 1.970321441811393 s
###################################################################################
this is the length of the observation 99840.0
just checking that this is indeed a sorted single individual delays [480. 320. 160.   0.]
########this obsID is going to be correlated########### 0880030501
this is max 736.1998915672302 this is min 3435.5994939804077
these are the high correlation delays [array([736.19989157]), array([1963.19971085])]
this is the small shift between the xmm and erosita time series (time_xmm[0] - time_erosita[0]) 33.87175762653351
#####################################################################
 this is optimal_delay in hours, mins, secs 0 h 12 min 50.07164919376373 s
###################################################################################
this is the length of the observation 6000.0
just checking that this is indeed a sorted single individual delays [320. 160.   0.]
########this obsID is going to be correlated########### 0865012801
this is max 2538.7880712004185 this is min 1813.420050857442
these are the high correlation delays [array([241.78934011]), array([2538.7880712]), array([2659.68274126]), array([3143.26142149]), array([4110.41878194]), array([6044.73350286]), array([6165.62817292])]
this is the small shift between the xmm and erosita time series (time_xmm[0] - time_erosita[0]) 108.47444558143616
#####################################################################
 this is optimal_delay in hours, mins, secs 0 h 44 min 7.262516781854629 s
###################################################################################
this is the length of the observation 21480.0
just checking that this is indeed a sorted single individual delays [480. 320. 160.   0.]
########this obsID is going to be correlated########### 0865011801
this is max 1949.0477148608156 this is min 1583.6012683244128
these are the high correlation delays [array([1949.04771486])]
this is the small shift between the xmm and erosita time series (time_xmm[0] - time_erosita[0]) 92.80865478515625
#####################################################################
 this is optimal_delay in hours, mins, secs 0 h 34 min 1.8563696459718813 s
###################################################################################
this is the length of the observation 9240.0
just checking that this is indeed a sorted single individual delays [480. 320. 160.   0.]
########this obsID is going to be correlated########### 0884960101
this is max 5966.950118978818 this is min 2679.0388289292655
these are the high correlation delays [array([5845.17562675]), array([5966.95011898]), array([6332.27359565])]
this is the small shift between the xmm and erosita time series (time_xmm[0] - time_erosita[0]) 5.855237007141113
#####################################################################
 this is optimal_delay in hours, mins, secs 1 h 39 min 32.80535598595907 s
###################################################################################
this is the length of the observation 9480.0
just checking that this is indeed a sorted single individual delays [320. 160.   0.]
########this obsID is going to be correlated########### 0882110501
this is max 9401.496242728055 this is min 35315.87691178616
these are the high correlation delays [array([3857.02409958]), array([3977.55610269]), array([7593.51619605]), array([7714.04819916]), array([8919.36823028]), array([9039.90023339]), array([9160.4322365]), array([9280.96423962]), array([9401.49624273]), array([9522.02824584]), array([9642.56024895]), array([9763.09225206]), array([9883.62425518]), array([10004.15625829]), array([10124.6882614]), array([10245.22026451]), array([10365.75226762]), array([16392.35242322]), array([16512.88442633]), array([16633.41642944]), array([16753.94843255]), array([16874.48043567]), array([16995.01243878]), array([17115.54444189]), array([17236.076445]), array([17356.60844811])]
this is the small shift between the xmm and erosita time series (time_xmm[0] - time_erosita[0]) 69.35928130149841
#####################################################################
 this is optimal_delay in hours, mins, secs 2 h 37 min 50.855524029553635 s
###################################################################################
this is the length of the observation 48720.0
just checking that this is indeed a sorted single individual delays [480. 320. 160.   0.]
########this obsID is going to be correlated########### 0864010101
this is max 393.5076878721064 this is min 0.0
these are the high correlation delays []
this is the small shift between the xmm and erosita time series (time_xmm[0] - time_erosita[0]) 8.962986826896667
#####################################################################
 this is optimal_delay in hours, mins, secs 0 h 6 min 42.47067469900304 s
###################################################################################
this is the length of the observation 1440.0
The duration of the observation was shorter than 3 times the window length: a window by window analysis will therefore not be provided
########this obsID is going to be correlated########### 0881071701
this is max 1455.0133373494875 this is min 3637.5333433737187
these are the high correlation delays [array([121.25111145]), array([363.75333434]), array([727.50666867]), array([848.75778012]), array([970.00889157]), array([1455.01333735])]
this is the small shift between the xmm and erosita time series (time_xmm[0] - time_erosita[0]) 14.474836468696594
#####################################################################
 this is optimal_delay in hours, mins, secs 0 h 24 min 29.488173818184123 s
###################################################################################
this is the length of the observation 14280.0
just checking that this is indeed a sorted single individual delays [480. 320. 160.   0.]
########this obsID is going to be correlated########### 0882110601
this is max 0.0 this is min 898.610702090793
these are the high correlation delays [array([0.])]
this is the small shift between the xmm and erosita time series (time_xmm[0] - time_erosita[0]) 82.93125283718109
#####################################################################
 this is optimal_delay in hours, mins, secs 0 h 1 min 22.93125283718109 s
###################################################################################
this is the length of the observation 3360.0
just checking that this is indeed a sorted single individual delays [160.   0.]
########this obsID is going to be correlated########### 0884370101
this is max 2910.56744379875 this is min 6791.324035530417
these are the high correlation delays [array([0.]), array([121.27364349]), array([242.54728698]), array([727.64186095]), array([2910.5674438]), array([3031.84108729]), array([3153.11473078]), array([3274.38837427])]
this is the small shift between the xmm and erosita time series (time_xmm[0] - time_erosita[0]) 71.5769784450531
#####################################################################
 this is optimal_delay in hours, mins, secs 0 h 49 min 42.14442224380309 s
###################################################################################
this is the length of the observation 14160.0
just checking that this is indeed a sorted single individual delays [320. 160.   0.]
########this obsID is going to be correlated########### 9394100002
this is max 57098.19213871868 this is min 35535.794685489476
these are the high correlation delays [array([55773.12860807]), array([55893.58892904]), array([56014.04925001]), array([56134.50957098]), array([56254.96989194]), array([56375.43021291]), array([56495.89053388]), array([56616.35085485]), array([56736.81117582]), array([56857.27149678]), array([56977.73181775]), array([57098.19213872]), array([57218.65245969]), array([57339.11278065]), array([57459.57310162]), array([57580.03342259]), array([57700.49374356]), array([57820.95406453]), array([57941.41438549]), array([58061.87470646]), array([58182.33502743]), array([58302.7953484]), array([58423.25566936]), array([58543.71599033]), array([58664.1763113]), array([58784.63663227]), array([58905.09695324]), array([59025.5572742]), array([59146.01759517]), array([59266.47791614])]
this is the small shift between the xmm and erosita time series (time_xmm[0] - time_erosita[0]) 57.97136449813843
#####################################################################
 this is optimal_delay in hours, mins, secs 15 h 52 min 36.16350321681966 s
###################################################################################
this is the length of the observation 66120.0
just checking that this is indeed a sorted single individual delays [480. 320. 160.   0.]
########this obsID is going to be correlated########### 0842760201
this is max 22826.05029401779 this is min 7125.592419825659
these are the high correlation delays [array([15942.00337995]), array([16183.54888571]), array([22584.50478826]), array([22705.27754114]), array([22826.05029402]), array([22946.8230469])]
this is the small shift between the xmm and erosita time series (time_xmm[0] - time_erosita[0]) 75.76424062252045
#####################################################################
 this is optimal_delay in hours, mins, secs 6 h 21 min 41.81453464031074 s
###################################################################################
this is the length of the observation 27120.0
just checking that this is indeed a sorted single individual delays [480. 320. 160.   0.]
########this obsID is going to be correlated########### 0880000301
this is max 1863.653344631195 this is min 0.0
these are the high correlation delays [array([1863.65334463])]
this is the small shift between the xmm and erosita time series (time_xmm[0] - time_erosita[0]) 104.54722476005554
#####################################################################
 this is optimal_delay in hours, mins, secs 0 h 32 min 48.20056939125061 s
###################################################################################
this is the length of the observation 3720.0
just checking that this is indeed a sorted single individual delays [320. 160.   0.]
########this obsID is going to be correlated########### 9394800003
this is max 4728.588562011718 this is min 3273.638235238882
these are the high correlation delays [array([1333.70446621]), array([4728.58856201])]
this is the small shift between the xmm and erosita time series (time_xmm[0] - time_erosita[0]) 87.98785662651062
#####################################################################
 this is optimal_delay in hours, mins, secs 1 h 20 min 16.57641863822846 s
###################################################################################
this is the length of the observation 14160.0
just checking that this is indeed a sorted single individual delays [320. 160.   0.]
########this obsID is going to be correlated########### 0884970101
this is max 12744.312143173984 this is min 4976.350455906031
these are the high correlation delays [array([12744.31214317])]
this is the small shift between the xmm and erosita time series (time_xmm[0] - time_erosita[0]) 2.455877184867859
#####################################################################
 this is optimal_delay in hours, mins, secs 3 h 32 min 26.768020358851572 s
###################################################################################
this is the length of the observation 12840.0
just checking that this is indeed a sorted single individual delays [480. 320. 160.   0.]
there was an index error for time_xmm[0] and time_erosita[0]
########this obsID is going to be correlated########### 0885100101
this is max 1582.41833589077 this is min 4625.530520296097
these are the high correlation delays [array([608.62243688]), array([1582.41833589]), array([1704.14282327]), array([2312.76526015]), array([2799.66320965])]
this is the small shift between the xmm and erosita time series (time_xmm[0] - time_erosita[0]) 20.575546145439148
#####################################################################
 this is optimal_delay in hours, mins, secs 0 h 26 min 42.99388203620924 s
###################################################################################
this is the length of the observation 9720.0
just checking that this is indeed a sorted single individual delays [320. 160.   0.]
########this obsID is going to be correlated########### 0884190401
this is max 1326.3400796571923 this is min 40393.084244105405
these are the high correlation delays [array([1205.76370878]), array([1326.34007966]), array([1446.91645054]), array([1929.22193405]), array([17604.15014818])]
this is the small shift between the xmm and erosita time series (time_xmm[0] - time_erosita[0]) 16.656569838523865
#####################################################################
 this is optimal_delay in hours, mins, secs 0 h 22 min 22.996649495716156 s
###################################################################################
this is the length of the observation 43080.0
just checking that this is indeed a sorted single individual delays [480. 320. 160.   0.]
########this obsID is going to be correlated########### 0881910401
there were not enough datapoints to proceed with the correlation (<=5)
########this obsID is going to be correlated########### 0882340701
this is max 30999.806513423016 this is min 5427.98168522971
these are the high correlation delays [array([29190.47928501]), array([29552.3447307]), array([29672.96654592]), array([30034.8319916]), array([30155.45380683]), array([30276.07562206]), array([30396.69743729]), array([30517.31925251]), array([30758.56288297]), array([30879.1846982]), array([30999.80651342]), array([31120.42832865])]
this is the small shift between the xmm and erosita time series (time_xmm[0] - time_erosita[0]) 19.338356137275696
#####################################################################
 this is optimal_delay in hours, mins, secs 8 h 36 min 59.144869560292136 s
###################################################################################
this is the length of the observation 37920.0
just checking that this is indeed a sorted single individual delays [320. 160.   0.]
########this obsID is going to be correlated########### 9395900003
this is max 274.66949517386297 this is min 686.6737379346574
these are the high correlation delays []
this is the small shift between the xmm and erosita time series (time_xmm[0] - time_erosita[0]) 76.35752236843109
#####################################################################
 this is optimal_delay in hours, mins, secs 0 h 5 min 51.02701754229406 s
###################################################################################
this is the length of the observation 960.0
The duration of the observation was shorter than 3 times the window length: a window by window analysis will therefore not be provided
########this obsID is going to be correlated########### 0882260101
this is max 14987.669824256272 this is min 2779.9710157894697
these are the high correlation delays []
this is the small shift between the xmm and erosita time series (time_xmm[0] - time_erosita[0]) 105.61710965633392
#####################################################################
 this is optimal_delay in hours, mins, secs 4 h 11 min 33.2869339126064 s
###################################################################################
this is the length of the observation 22080.0
just checking that this is indeed a sorted single individual delays [480. 320. 160.   0.]
########this obsID is going to be correlated########### 0884991701
this is max 121.19267323849692 this is min 8604.679799933281
these are the high correlation delays [array([0.]), array([121.19267324]), array([242.38534648]), array([363.57801972]), array([484.77069295]), array([1090.73405915]), array([1211.92673238]), array([1696.69742534])]
this is the small shift between the xmm and erosita time series (time_xmm[0] - time_erosita[0]) 4.9680492877960205
#####################################################################
 this is optimal_delay in hours, mins, secs 0 h 2 min 6.160722526292943 s
###################################################################################
this is the length of the observation 15240.0
just checking that this is indeed a sorted single individual delays [480. 320. 160.   0.]
########this obsID is going to be correlated########### 0862090101
this is max 484.98162525494894 this is min 7638.460597765446
these are the high correlation delays []
this is the small shift between the xmm and erosita time series (time_xmm[0] - time_erosita[0]) 53.23320555686951
#####################################################################
 this is optimal_delay in hours, mins, secs 0 h 8 min 58.2148308118185 s
###################################################################################
this is the length of the observation 14520.0
just checking that this is indeed a sorted single individual delays [320. 160.   0.]
########this obsID is going to be correlated########### 0862090501
this is max 2209.541323274374 this is min 3068.8073934366303
these are the high correlation delays [array([1473.02754885]), array([2209.54132327])]
this is the small shift between the xmm and erosita time series (time_xmm[0] - time_erosita[0]) 99.53904592990875
#####################################################################
 this is optimal_delay in hours, mins, secs 0 h 38 min 29.08036920428276 s
###################################################################################
this is the length of the observation 5880.0
just checking that this is indeed a sorted single individual delays [320. 160.   0.]
there was an index error for time_xmm[0] and time_erosita[0]
there was an index error for time_xmm[0] and time_erosita[0]
there was an index error for time_xmm[0] and time_erosita[0]
########this obsID is going to be correlated########### 0891801101
this is max 4123.160811277537 this is min 1091.424920632289
these are the high correlation delays [array([363.80830688]), array([4123.16081128])]
this is the small shift between the xmm and erosita time series (time_xmm[0] - time_erosita[0]) 106.43666136264801
#####################################################################
 this is optimal_delay in hours, mins, secs 1 h 10 min 29.597472640184606 s
###################################################################################
this is the length of the observation 14160.0
just checking that this is indeed a sorted single individual delays [320. 160.   0.]
########this obsID is going to be correlated########### 0862770501
there were not enough datapoints to proceed with the correlation (<=5)
########this obsID is going to be correlated########### 0882061401
this is max 3410.0268665154776 this is min 0.0
these are the high correlation delays []
this is the small shift between the xmm and erosita time series (time_xmm[0] - time_erosita[0]) 118.69142138957977
#####################################################################
 this is optimal_delay in hours, mins, secs 0 h 58 min 48.71828790505742 s
###################################################################################
this is the length of the observation 9480.0
just checking that this is indeed a sorted single individual delays [320. 160.   0.]
########this obsID is going to be correlated########### 0882870501
this is max 11390.504725589308 this is min 121.1755821871203
these are the high correlation delays [array([11148.15356122]), array([11269.3291434]), array([11390.50472559]), array([11511.68030778]), array([11632.85588996]), array([11754.03147215]), array([11875.20705434])]
this is the small shift between the xmm and erosita time series (time_xmm[0] - time_erosita[0]) 44.33805167675018
#####################################################################
 this is optimal_delay in hours, mins, secs 3 h 10 min 34.842777266057965 s
###################################################################################
this is the length of the observation 15600.0
just checking that this is indeed a sorted single individual delays [320. 160.   0.]
########this obsID is going to be correlated########### 9397500003
this is max 0.0 this is min 22105.255843243816
these are the high correlation delays [array([0.]), array([120.79374778]), array([241.58749555]), array([362.38124333]), array([483.17499111]), array([603.96873889]), array([724.76248666]), array([845.55623444]), array([966.34998222]), array([1087.14373]), array([1207.93747777]), array([1328.73122555]), array([1449.52497333]), array([1570.3187211]), array([1691.11246888]), array([1811.90621666])]
this is the small shift between the xmm and erosita time series (time_xmm[0] - time_erosita[0]) 72.62844383716583
#####################################################################
 this is optimal_delay in hours, mins, secs 0 h 1 min 12.628443837165833 s
###################################################################################
this is the length of the observation 26520.0
just checking that this is indeed a sorted single individual delays [320. 160.   0.]
########this obsID is going to be correlated########### 0882640301
this is max 13404.619767281216 this is min 0.0
these are the high correlation delays []
this is the small shift between the xmm and erosita time series (time_xmm[0] - time_erosita[0]) 117.29916524887085
#####################################################################
 this is optimal_delay in hours, mins, secs 3 h 45 min 21.91893253008675 s
###################################################################################
this is the length of the observation 27120.0
just checking that this is indeed a sorted single individual delays [480. 320. 160.   0.]
########this obsID is going to be correlated########### 0891801501
this is max 0.0 this is min 450.9269352257252
these are the high correlation delays []
this is the small shift between the xmm and erosita time series (time_xmm[0] - time_erosita[0]) 85.6155880689621
#####################################################################
 this is optimal_delay in hours, mins, secs 0 h 1 min 25.615588068962097 s
###################################################################################
this is the length of the observation 600.0
The duration of the observation was shorter than 3 times the window length: a window by window analysis will therefore not be provided
########this obsID is going to be correlated########### 0882650101
this is max 0.0 this is min 8504.182686445614
these are the high correlation delays [array([0.]), array([121.48832409]), array([1214.88324092]), array([1336.37156501]), array([2672.74313003])]
this is the small shift between the xmm and erosita time series (time_xmm[0] - time_erosita[0]) 17.046916365623474
#####################################################################
 this is optimal_delay in hours, mins, secs 0 h 0 min 17.046916365623474 s
###################################################################################
this is the length of the observation 11640.0
just checking that this is indeed a sorted single individual delays [480. 160.   0.]
########this obsID is going to be correlated########### 0886020401
this is max 17989.54364790736 this is min 14608.958264407993
these are the high correlation delays [array([17144.39730203]), array([17385.86768657]), array([17506.60287884]), array([17627.3380711]), array([17748.07326337]), array([17868.80845564]), array([17989.54364791]), array([18110.27884018]), array([18231.01403244]), array([18351.74922471]), array([18472.48441698]), array([18593.21960925]), array([18713.95480151]), array([18834.68999378])]
this is the small shift between the xmm and erosita time series (time_xmm[0] - time_erosita[0]) 117.59680390357971
#####################################################################
 this is optimal_delay in hours, mins, secs 5 h 1 min 47.14045181094116 s
###################################################################################
this is the length of the observation 28680.0
just checking that this is indeed a sorted single individual delays [320. 160.   0.]
########this obsID is going to be correlated########### 0880280801
this is max 974.726126352946 this is min 365.52229738235474
these are the high correlation delays [array([852.88536056]), array([974.72612635]), array([1096.56689215]), array([1218.40765794])]
this is the small shift between the xmm and erosita time series (time_xmm[0] - time_erosita[0]) 75.07149040699005
#####################################################################
 this is optimal_delay in hours, mins, secs 0 h 17 min 29.79761675993609 s
###################################################################################
this is the length of the observation 9120.0
just checking that this is indeed a sorted single individual delays [480. 320. 160.   0.]
########this obsID is going to be correlated########### 0882061201
this is max 1363.945248953998 this is min 0.0
these are the high correlation delays [array([1363.94524895])]
this is the small shift between the xmm and erosita time series (time_xmm[0] - time_erosita[0]) 20.247735381126404
#####################################################################
 this is optimal_delay in hours, mins, secs 0 h 23 min 4.192984335124493 s
###################################################################################
this is the length of the observation 3960.0
just checking that this is indeed a sorted single individual delays [320. 160.   0.]
########this obsID is going to be correlated########### 0883500201
this is max 121.48568416141966 this is min 6195.7698922324025
these are the high correlation delays [array([121.48568416]), array([364.45705248]), array([3280.11347236]), array([3766.056209])]
this is the small shift between the xmm and erosita time series (time_xmm[0] - time_erosita[0]) 100.03824031352997
#####################################################################
 this is optimal_delay in hours, mins, secs 0 h 3 min 41.52392447494964 s
###################################################################################
this is the length of the observation 17280.0
just checking that this is indeed a sorted single individual delays [320. 160.   0.]
########this obsID is going to be correlated########### 0883500101
this is max 2200.515915441513 this is min 4523.282715074221
these are the high correlation delays [array([1833.76326287]), array([2200.51591544])]
this is the small shift between the xmm and erosita time series (time_xmm[0] - time_erosita[0]) 7.446667432785034
#####################################################################
 this is optimal_delay in hours, mins, secs 0 h 36 min 47.96258287429782 s
###################################################################################
this is the length of the observation 7320.0
just checking that this is indeed a sorted single individual delays [320. 160.   0.]
########this obsID is going to be correlated########### 0890420101
this is max 503.8912322634743 this is min 881.8096564610801
these are the high correlation delays []
this is the small shift between the xmm and erosita time series (time_xmm[0] - time_erosita[0]) 20.831456780433655
#####################################################################
 this is optimal_delay in hours, mins, secs 0 h 8 min 44.72268904390796 s
###################################################################################
this is the length of the observation 2640.0
just checking that this is indeed a sorted single individual delays [320.   0.]
########this obsID is going to be correlated########### 0886041101
this is max 6553.06241339445 this is min 1698.942107176339
these are the high correlation delays [array([3761.94323732]), array([6189.00339043]), array([6553.06241339])]
this is the small shift between the xmm and erosita time series (time_xmm[0] - time_erosita[0]) 14.855403780937195
#####################################################################
 this is optimal_delay in hours, mins, secs 1 h 49 min 27.917817175387427 s
###################################################################################
this is the length of the observation 13080.0
just checking that this is indeed a sorted single individual delays [480. 320. 160.   0.]
########this obsID is going to be correlated########### 0883460301
this is max 0.0 this is min 4967.579919433594
these are the high correlation delays [array([0.]), array([124.18949799])]
this is the small shift between the xmm and erosita time series (time_xmm[0] - time_erosita[0]) 102.22921741008759
#####################################################################
 this is optimal_delay in hours, mins, secs 0 h 1 min 42.229217410087585 s
###################################################################################
this is the length of the observation 6120.0
just checking that this is indeed a sorted single individual delays [320. 160.   0.]
########this obsID is going to be correlated########### 9398600003
this is max 848.8980766463483 this is min 1455.2538456794541
these are the high correlation delays [array([121.27115381]), array([848.89807665]), array([1819.0673071]), array([2061.60961471])]
this is the small shift between the xmm and erosita time series (time_xmm[0] - time_erosita[0]) 62.50372660160065
#####################################################################
 this is optimal_delay in hours, mins, secs 0 h 15 min 11.40180324794892 s
###################################################################################
this is the length of the observation 14160.0
just checking that this is indeed a sorted single individual delays [320. 160.   0.]
########this obsID is going to be correlated########### 0881680301
this is max 0.0 this is min 21633.428433528286
these are the high correlation delays [array([0.]), array([120.85714209]), array([241.71428417]), array([362.57142626]), array([483.42856835]), array([604.28571043]), array([725.14285252]), array([845.99999461]), array([966.85713669]), array([1087.71427878]), array([1208.57142087])]
this is the small shift between the xmm and erosita time series (time_xmm[0] - time_erosita[0]) 50.241872906684875
#####################################################################
 this is optimal_delay in hours, mins, secs 0 h 0 min 50.241872906684875 s
###################################################################################
this is the length of the observation 39000.0
just checking that this is indeed a sorted single individual delays [480. 320. 160.   0.]
########this obsID is going to be correlated########### 0841930601
this is max 4314.569059285251 this is min 862.9138118570502
these are the high correlation delays [array([4314.56905929])]
this is the small shift between the xmm and erosita time series (time_xmm[0] - time_erosita[0]) 75.48647272586823
#####################################################################
 this is optimal_delay in hours, mins, secs 1 h 13 min 10.055532011118885 s
###################################################################################
this is the length of the observation 5400.0
just checking that this is indeed a sorted single individual delays [480. 320. 160.   0.]
there was an index error for time_xmm[0] and time_erosita[0]
########this obsID is going to be correlated########### 0881840401
this is max 485.02965053057267 this is min 727.544475795859
these are the high correlation delays [array([485.02965053]), array([3880.23720424])]
this is the small shift between the xmm and erosita time series (time_xmm[0] - time_erosita[0]) 10.470840215682983
#####################################################################
 this is optimal_delay in hours, mins, secs 0 h 8 min 15.50049074625565 s
###################################################################################
this is the length of the observation 14280.0
just checking that this is indeed a sorted single individual delays [320. 160.   0.]
########this obsID is going to be correlated########### 0880280401
this is max 5760.043778112301 this is min 1102.9871064470365
these are the high correlation delays [array([4902.16491754]), array([5760.04377811])]
this is the small shift between the xmm and erosita time series (time_xmm[0] - time_erosita[0]) 96.78458631038666
#####################################################################
 this is optimal_delay in hours, mins, secs 1 h 37 min 36.82836442268763 s
###################################################################################
this is the length of the observation 6360.0
just checking that this is indeed a sorted single individual delays [320. 160.   0.]
########this obsID is going to be correlated########### 0880280301
this is max 4969.347813437062 this is min 6423.791075906446
these are the high correlation delays []
this is the small shift between the xmm and erosita time series (time_xmm[0] - time_erosita[0]) 16.66678488254547
#####################################################################
 this is optimal_delay in hours, mins, secs 1 h 23 min 6.014598319607103 s
###################################################################################
this is the length of the observation 15000.0
just checking that this is indeed a sorted single individual delays [480. 320. 160.   0.]
########this obsID is going to be correlated########### 0891801801
this is max 6305.575666533576 this is min 3274.0489037770485
these are the high correlation delays [array([4486.65960888]), array([5092.96496143]), array([6305.57566653]), array([10064.66885235])]
this is the small shift between the xmm and erosita time series (time_xmm[0] - time_erosita[0]) 55.27347004413605
#####################################################################
 this is optimal_delay in hours, mins, secs 1 h 46 min 0.8491365777117608 s
###################################################################################
this is the length of the observation 14160.0
just checking that this is indeed a sorted single individual delays [480. 320. 160.   0.]
there was an index error for time_xmm[0] and time_erosita[0]
########this obsID is going to be correlated########### 0884080101
this is max 1091.277902016273 this is min 1940.049603584485
these are the high correlation delays [array([606.26550112]), array([727.51860134]), array([848.77170157]), array([1091.27790202]), array([1333.78410246])]
this is the small shift between the xmm and erosita time series (time_xmm[0] - time_erosita[0]) 116.23283445835114
#####################################################################
 this is optimal_delay in hours, mins, secs 0 h 20 min 7.510736474624082 s
###################################################################################
this is the length of the observation 14160.0
just checking that this is indeed a sorted single individual delays [480. 320. 160.   0.]
########this obsID is going to be correlated########### 0884050101
this is max 0.0 this is min 4233.740600347519
these are the high correlation delays []
this is the small shift between the xmm and erosita time series (time_xmm[0] - time_erosita[0]) 11.748387575149536
#####################################################################
 this is optimal_delay in hours, mins, secs 0 h 0 min 11.748387575149536 s
###################################################################################
this is the length of the observation 20040.0
just checking that this is indeed a sorted single individual delays [480. 320. 160.   0.]
########this obsID is going to be correlated########### 0882031101
this is max 0.0 this is min 10975.892415274271
these are the high correlation delays [array([0.]), array([121.95436017]), array([243.90872034]), array([487.81744068])]
this is the small shift between the xmm and erosita time series (time_xmm[0] - time_erosita[0]) 10.457140445709229
#####################################################################
 this is optimal_delay in hours, mins, secs 0 h 0 min 10.457140445709229 s
###################################################################################
this is the length of the observation 13320.0
just checking that this is indeed a sorted single individual delays [480. 320. 160.   0.]
########this obsID is going to be correlated########### 0890450101
this is max 0.0 this is min 935.2169638209874
these are the high correlation delays [array([0.])]
this is the small shift between the xmm and erosita time series (time_xmm[0] - time_erosita[0]) 26.33053755760193
#####################################################################
 this is optimal_delay in hours, mins, secs 0 h 0 min 26.33053755760193 s
###################################################################################
this is the length of the observation 1200.0
The duration of the observation was shorter than 3 times the window length: a window by window analysis will therefore not be provided
########this obsID is going to be correlated########### 0880280101
this is max 3642.841870407067 this is min 1092.8525611221198
these are the high correlation delays [array([485.71224939]), array([3642.84187041])]
this is the small shift between the xmm and erosita time series (time_xmm[0] - time_erosita[0]) 31.404939889907837
#####################################################################
 this is optimal_delay in hours, mins, secs 1 h 1 min 14.246810296974672 s
###################################################################################
this is the length of the observation 12240.0
just checking that this is indeed a sorted single individual delays [480. 320. 160.   0.]
########this obsID is going to be correlated########### 0885090201
this is max 122.34956648893525 this is min 1835.2434973340287
these are the high correlation delays [array([122.34956649]), array([856.44696542]), array([2691.69046276])]
this is the small shift between the xmm and erosita time series (time_xmm[0] - time_erosita[0]) 26.4963139295578
#####################################################################
 this is optimal_delay in hours, mins, secs 0 h 2 min 28.84588041849304 s
###################################################################################
this is the length of the observation 6960.0
just checking that this is indeed a sorted single individual delays [480. 320. 160.   0.]
########this obsID is going to be correlated########### 0885090101
this is max 12667.630494957331 this is min 31488.110087465368
these are the high correlation delays [array([12546.98639501]), array([12667.63049496]), array([27024.27838924]), array([27144.92248919])]
this is the small shift between the xmm and erosita time series (time_xmm[0] - time_erosita[0]) 48.574724435806274
#####################################################################
 this is optimal_delay in hours, mins, secs 3 h 31 min 56.20521939313767 s
###################################################################################
this is the length of the observation 36360.0
just checking that this is indeed a sorted single individual delays [480. 320. 160.   0.]
########this obsID is going to be correlated########### 0890440101
this is max 5800.218314156604 this is min 14138.03214075672
these are the high correlation delays [array([1570.89246008]), array([1812.56822317]), array([1933.40610472]), array([2658.43339399]), array([4591.83949871]), array([5679.38043261]), array([5800.21831416]), array([5921.0561957]), array([6041.89407725]), array([6162.73195879]), array([6283.56984034]), array([6766.92136652]), array([8458.65170815])]
this is the small shift between the xmm and erosita time series (time_xmm[0] - time_erosita[0]) 102.83367109298706
#####################################################################
 this is optimal_delay in hours, mins, secs 1 h 38 min 23.05198524959087 s
###################################################################################
this is the length of the observation 24240.0
just checking that this is indeed a sorted single individual delays [480. 320. 160.   0.]
########this obsID is going to be correlated########### 0880031301
this is max 853.0488071409432 this is min 1827.9617295877356
these are the high correlation delays [array([243.72823061]), array([853.04880714]), array([5118.29284285])]
this is the small shift between the xmm and erosita time series (time_xmm[0] - time_erosita[0]) 81.60029923915863
#####################################################################
 this is optimal_delay in hours, mins, secs 0 h 15 min 34.649106380101784 s
###################################################################################
this is the length of the observation 9000.0
just checking that this is indeed a sorted single individual delays [320. 160.   0.]
########this obsID is going to be correlated########### 0810841901
this is max 970.0245045882004 this is min 3031.326576838126
these are the high correlation delays [array([0.]), array([970.02450459]), array([4607.61639679]), array([4728.86945987])]
this is the small shift between the xmm and erosita time series (time_xmm[0] - time_erosita[0]) 62.17356765270233
#####################################################################
 this is optimal_delay in hours, mins, secs 0 h 17 min 12.198072240902775 s
###################################################################################
this is the length of the observation 14160.0
just checking that this is indeed a sorted single individual delays [480. 320. 160.   0.]
########this obsID is going to be correlated########### 0881680901
this is max 2117.106568979366 this is min 996.2854442255839
these are the high correlation delays [array([1618.96384687]), array([2117.10656898])]
this is the small shift between the xmm and erosita time series (time_xmm[0] - time_erosita[0]) 5.529041051864624
#####################################################################
 this is optimal_delay in hours, mins, secs 0 h 35 min 22.6356100312305 s
###################################################################################
this is the length of the observation 3480.0
just checking that this is indeed a sorted single individual delays [320. 160.   0.]
########this obsID is going to be correlated########### 0881681101
this is max 370.7441523770491 this is min 988.6510730054644
these are the high correlation delays [array([370.74415238]), array([1482.97660951])]
this is the small shift between the xmm and erosita time series (time_xmm[0] - time_erosita[0]) 107.09414052963257
#####################################################################
 this is optimal_delay in hours, mins, secs 0 h 7 min 57.83829290668166 s
###################################################################################
this is the length of the observation 4440.0
just checking that this is indeed a sorted single individual delays [320. 160.   0.]
########this obsID is going to be correlated########### 0880810301
this is max 1091.3305861216325 this is min 6426.72456271628
these are the high correlation delays [array([1091.33058612]), array([2303.92012626]), array([7275.53724081]), array([8851.90364299])]
this is the small shift between the xmm and erosita time series (time_xmm[0] - time_erosita[0]) 27.962656259536743
#####################################################################
 this is optimal_delay in hours, mins, secs 0 h 18 min 39.29324238116919 s
###################################################################################
this is the length of the observation 14160.0
just checking that this is indeed a sorted single individual delays [320. 160.   0.]
########this obsID is going to be correlated########### 0880810101
this is max 3276.758673131466 this is min 0.0
these are the high correlation delays [array([364.08429701]), array([485.44572935]), array([1213.61432338]), array([2063.14434975]), array([2669.95151144]), array([2791.31294378]), array([3276.75867313]), array([4004.92726716])]
this is the small shift between the xmm and erosita time series (time_xmm[0] - time_erosita[0]) 75.6311604976654
#####################################################################
 this is optimal_delay in hours, mins, secs 0 h 55 min 52.38983362913132 s
###################################################################################
this is the length of the observation 13080.0
just checking that this is indeed a sorted single individual delays [480. 320. 160.   0.]
########this obsID is going to be correlated########### 0891010101
this is max 0.0 this is min 7546.036439587673
these are the high correlation delays [array([0.]), array([121.71026515]), array([243.42053031]), array([365.13079546]), array([486.84106062]), array([608.55132577]), array([730.26159093])]
this is the small shift between the xmm and erosita time series (time_xmm[0] - time_erosita[0]) 88.04693710803986
#####################################################################
 this is optimal_delay in hours, mins, secs 0 h 1 min 28.046937108039856 s
###################################################################################
this is the length of the observation 11640.0
just checking that this is indeed a sorted single individual delays [480. 320. 160.   0.]
########this obsID is going to be correlated########### 0891010201
this is max 3031.6108262946464 this is min 1455.1731966214302
these are the high correlation delays [array([2789.08196019]), array([2910.34639324]), array([3031.61082629]), array([3152.87525935]), array([3395.40412545]), array([3516.6685585]), array([7639.65928226]), array([7760.92371531])]
this is the small shift between the xmm and erosita time series (time_xmm[0] - time_erosita[0]) 72.16366457939148
#####################################################################
 this is optimal_delay in hours, mins, secs 0 h 51 min 43.77449087403784 s
###################################################################################
this is the length of the observation 14160.0
just checking that this is indeed a sorted single individual delays [480. 320. 160.   0.]
########this obsID is going to be correlated########### 0882340801
this is max 3315.4281191688315 this is min 4297.777191515152
these are the high correlation delays [array([3315.42811917]), array([3438.22175321])]
this is the small shift between the xmm and erosita time series (time_xmm[0] - time_erosita[0]) 9.34195339679718
#####################################################################
 this is optimal_delay in hours, mins, secs 0 h 55 min 24.770072565628652 s
###################################################################################
this is the length of the observation 6360.0
just checking that this is indeed a sorted single individual delays [320. 160.   0.]
########this obsID is going to be correlated########### 0810871501
this is max 6456.394059545285 this is min 869.1299695541729
these are the high correlation delays []
this is the small shift between the xmm and erosita time series (time_xmm[0] - time_erosita[0]) 61.988820910453796
#####################################################################
 this is optimal_delay in hours, mins, secs 1 h 48 min 38.382880455738814 s
###################################################################################
this is the length of the observation 17880.0
just checking that this is indeed a sorted single individual delays [320. 160.   0.]
########this obsID is going to be correlated########### 9400900002
this is max 2572.612333761071 this is min 490.0213969068707
these are the high correlation delays [array([1347.55884149]), array([2450.10698453]), array([2572.61233376]), array([2695.11768299])]
this is the small shift between the xmm and erosita time series (time_xmm[0] - time_erosita[0]) 110.58347356319427
#####################################################################
 this is optimal_delay in hours, mins, secs 0 h 44 min 43.19580732426539 s
###################################################################################
this is the length of the observation 6480.0
just checking that this is indeed a sorted single individual delays [480. 320. 160.   0.]
there was an index error for time_xmm[0] and time_erosita[0]
########this obsID is going to be correlated########### 0810880901
this is max 1049.3387489318845 this is min 131.16734361648557
these are the high correlation delays []
this is the small shift between the xmm and erosita time series (time_xmm[0] - time_erosita[0]) 10.624649405479431
#####################################################################
 this is optimal_delay in hours, mins, secs 0 h 17 min 39.96339833736397 s
###################################################################################
this is the length of the observation 1440.0
The duration of the observation was shorter than 3 times the window length: a window by window analysis will therefore not be provided
########this obsID is going to be correlated########### 0882721001
this is max 122.2010100395953 this is min 1833.0151505939295
these are the high correlation delays [array([122.20101004]), array([855.40707028]), array([1588.61313051])]
this is the small shift between the xmm and erosita time series (time_xmm[0] - time_erosita[0]) 84.72688436508179
#####################################################################
 this is optimal_delay in hours, mins, secs 0 h 3 min 26.92789440467709 s
###################################################################################
this is the length of the observation 7440.0
just checking that this is indeed a sorted single individual delays [480. 320. 160.   0.]
########this obsID is going to be correlated########### 0882720201
this is max 502.80790053881134 this is min 377.1059254041085
these are the high correlation delays []
this is the small shift between the xmm and erosita time series (time_xmm[0] - time_erosita[0]) 59.548949003219604
#####################################################################
 this is optimal_delay in hours, mins, secs 0 h 9 min 22.356849542030886 s
###################################################################################
this is the length of the observation 3240.0
just checking that this is indeed a sorted single individual delays [320. 160.   0.]
########this obsID is going to be correlated########### 9401000002
this is max 4001.6414133463154 this is min 1212.6186101049439
these are the high correlation delays []
this is the small shift between the xmm and erosita time series (time_xmm[0] - time_erosita[0]) 47.35760676860809
#####################################################################
 this is optimal_delay in hours, mins, secs 1 h 7 min 28.999020114923496 s
###################################################################################
this is the length of the observation 14160.0
just checking that this is indeed a sorted single individual delays [480. 320. 160.   0.]
there was an index error for time_xmm[0] and time_erosita[0]
########this obsID is going to be correlated########### 9401000003
this is max 1934.73829433051 this is min 8827.243467882952
these are the high correlation delays [array([725.52686037]), array([1209.21143396]), array([1330.13257735]), array([1451.05372075]), array([1692.89600754]), array([1813.81715093]), array([1934.73829433]), array([2055.65943773]), array([2418.42286791])]
this is the small shift between the xmm and erosita time series (time_xmm[0] - time_erosita[0]) 86.6115050315857
#####################################################################
 this is optimal_delay in hours, mins, secs 0 h 33 min 41.34979936209561 s
###################################################################################
this is the length of the observation 21240.0
just checking that this is indeed a sorted single individual delays [480. 320. 160.   0.]
########this obsID is going to be correlated########### 0884960201
this is max 0.0 this is min 1863.7210145592692
these are the high correlation delays [array([0.])]
this is the small shift between the xmm and erosita time series (time_xmm[0] - time_erosita[0]) 30.561598539352417
#####################################################################
 this is optimal_delay in hours, mins, secs 0 h 0 min 30.561598539352417 s
###################################################################################
this is the length of the observation 3720.0
just checking that this is indeed a sorted single individual delays [320. 160.   0.]
########this obsID is going to be correlated########### 0891802601
this is max 4940.347776757232 this is min 3735.38490437742
these are the high correlation delays [array([1807.44430857]), array([4940.34777676]), array([7711.76238323]), array([9519.2066918]), array([9760.19926628]), array([16146.50248989]), array([22171.31685179]), array([33136.47899044])]
this is the small shift between the xmm and erosita time series (time_xmm[0] - time_erosita[0]) 45.98126673698425
#####################################################################
 this is optimal_delay in hours, mins, secs 1 h 23 min 6.329043494216421 s
###################################################################################
this is the length of the observation 55800.0
just checking that this is indeed a sorted single individual delays [480. 320. 160.   0.]
########this obsID is going to be correlated########### 9401000005
this is max 935.1033384270139 this is min 0.0
these are the high correlation delays []
this is the small shift between the xmm and erosita time series (time_xmm[0] - time_erosita[0]) 15.134420394897461
#####################################################################
 this is optimal_delay in hours, mins, secs 0 h 15 min 50.23775882191137 s
###################################################################################
this is the length of the observation 1200.0
The duration of the observation was shorter than 3 times the window length: a window by window analysis will therefore not be provided
########this obsID is going to be correlated########### 0891802701
this is max 2656.3789642631755 this is min 241.4889967511978
these are the high correlation delays [array([2656.37896426]), array([2777.12346264]), array([2897.86796101]), array([4105.31294477])]
this is the small shift between the xmm and erosita time series (time_xmm[0] - time_erosita[0]) 43.15998387336731
#####################################################################
 this is optimal_delay in hours, mins, secs 0 h 44 min 59.538948136542786 s
###################################################################################
this is the length of the observation 28560.0
just checking that this is indeed a sorted single individual delays [320. 160.   0.]
########this obsID is going to be correlated########### 0871592201
this is max 5425.636158430709 this is min 13503.805549871988
these are the high correlation delays [array([4340.50892674]), array([4461.07861915]), array([4581.64831156]), array([4702.21800397]), array([4822.78769638]), array([4943.35738879]), array([5063.9270812]), array([5184.49677361]), array([5305.06646602]), array([5425.63615843]), array([5546.20585084]), array([5666.77554325]), array([6993.04215976]), array([7113.61185216])]
this is the small shift between the xmm and erosita time series (time_xmm[0] - time_erosita[0]) 23.867357850074768
#####################################################################
 this is optimal_delay in hours, mins, secs 1 h 30 min 49.503516280783515 s
###################################################################################
this is the length of the observation 43080.0
just checking that this is indeed a sorted single individual delays [480. 320. 160.   0.]
########this obsID is going to be correlated########### 0871591301
this is max 5746.89033944728 this is min 2567.7595133700615
these are the high correlation delays []
this is the small shift between the xmm and erosita time series (time_xmm[0] - time_erosita[0]) 7.093475341796875
#####################################################################
 this is optimal_delay in hours, mins, secs 1 h 35 min 53.98381478907686 s
###################################################################################
this is the length of the observation 7200.0
just checking that this is indeed a sorted single individual delays [480. 160.   0.]
########this obsID is going to be correlated########### 9401100006
this is max 852.9298352750143 this is min 2315.0952671750388
these are the high correlation delays [array([731.08271595]), array([852.92983528]), array([974.7769546]), array([1096.62407393])]
this is the small shift between the xmm and erosita time series (time_xmm[0] - time_erosita[0]) 40.294357657432556
#####################################################################
 this is optimal_delay in hours, mins, secs 0 h 14 min 53.22419293244684 s
###################################################################################
this is the length of the observation 9120.0
just checking that this is indeed a sorted single individual delays [320. 160.   0.]
########this obsID is going to be correlated########### 0881680201
this is max 3516.7003146094135 this is min 1818.9829213496964
these are the high correlation delays []
this is the small shift between the xmm and erosita time series (time_xmm[0] - time_erosita[0]) 106.39952039718628
#####################################################################
 this is optimal_delay in hours, mins, secs 1 h 0 min 23.099835006599733 s
###################################################################################
this is the length of the observation 14160.0
just checking that this is indeed a sorted single individual delays [480. 320. 160.   0.]
########this obsID is going to be correlated########### 0810243201
this is max 5578.455294560164 this is min 363.8123018191411
these are the high correlation delays [array([4850.83069092]), array([4972.10145819]), array([5214.64299274]), array([5335.91376001]), array([5578.45529456])]
this is the small shift between the xmm and erosita time series (time_xmm[0] - time_erosita[0]) 70.99760293960571
#####################################################################
 this is optimal_delay in hours, mins, secs 1 h 34 min 9.452897499769279 s
###################################################################################
this is the length of the observation 14160.0
just checking that this is indeed a sorted single individual delays [320. 160.   0.]
########this obsID is going to be correlated########### 0891070201
this is max 4285.104690291664 this is min 1346.7471883773803
these are the high correlation delays []
this is the small shift between the xmm and erosita time series (time_xmm[0] - time_erosita[0]) 38.7669483423233
#####################################################################
 this is optimal_delay in hours, mins, secs 1 h 12 min 3.871638633987459 s
###################################################################################
this is the length of the observation 6720.0
just checking that this is indeed a sorted single individual delays [160.   0.]
########this obsID is going to be correlated########### 0891070101
this is max 1449.8380409853798 this is min 4711.973633202484
these are the high correlation delays [array([604.09918374]), array([724.91902049]), array([845.73885724]), array([966.55869399]), array([1087.37853074]), array([1208.19836749]), array([1329.01820424]), array([1449.83804099]), array([1570.65787773])]
this is the small shift between the xmm and erosita time series (time_xmm[0] - time_erosita[0]) 57.5841361284256
#####################################################################
 this is optimal_delay in hours, mins, secs 0 h 25 min 7.422177113805446 s
###################################################################################
this is the length of the observation 25320.0
just checking that this is indeed a sorted single individual delays [480. 320. 160.   0.]
########this obsID is going to be correlated########### 9401200002
this is max 41775.07341269996 this is min 67297.59665043019
these are the high correlation delays [array([39126.50968048]), array([39246.89894104]), array([39367.28820159]), array([39487.67746215]), array([39608.0667227]), array([39728.45598326]), array([39848.84524381]), array([39969.23450437]), array([40089.62376493]), array([40210.01302548]), array([40330.40228604]), array([40450.79154659]), array([40571.18080715]), array([40691.5700677]), array([40811.95932826]), array([40932.34858881]), array([41052.73784937]), array([41173.12710992]), array([41293.51637048]), array([41413.90563103]), array([41534.29489159]), array([41654.68415214]), array([41775.0734127]), array([41895.46267326]), array([42015.85193381]), array([42136.24119437]), array([42256.63045492]), array([42377.01971548]), array([42497.40897603]), array([42617.79823659]), array([42738.18749714]), array([42858.5767577]), array([42978.96601825]), array([43099.35527881]), array([43219.74453936]), array([43340.13379992]), array([43460.52306047]), array([43580.91232103]), array([43701.30158159]), array([43821.69084214]), array([43942.0801027]), array([44062.46936325]), array([44182.85862381]), array([44303.24788436]), array([44423.63714492]), array([44544.02640547]), array([44664.41566603]), array([44784.80492658]), array([44905.19418714]), array([45025.58344769]), array([45145.97270825]), array([45266.3619688]), array([45386.75122936]), array([45507.14048992]), array([45627.52975047])]
this is the small shift between the xmm and erosita time series (time_xmm[0] - time_erosita[0]) 92.18852472305298
#####################################################################
 this is optimal_delay in hours, mins, secs 11 h 37 min 47.26193742301257 s
###################################################################################
this is the length of the observation 98520.0
just checking that this is indeed a sorted single individual delays [480. 320. 160.   0.]
there was an index error for time_xmm[0] and time_erosita[0]
########this obsID is going to be correlated########### 0885240201
this is max 1133.6728988374982 this is min 125.96365542638868
these are the high correlation delays []
this is the small shift between the xmm and erosita time series (time_xmm[0] - time_erosita[0]) 55.0876659154892
#####################################################################
 this is optimal_delay in hours, mins, secs 0 h 19 min 48.76056475298742 s
###################################################################################
this is the length of the observation 2640.0
just checking that this is indeed a sorted single individual delays [480. 160.   0.]
########this obsID is going to be correlated########### 0885240101
this is max 8609.665203876415 this is min 2182.732023517964
these are the high correlation delays [array([8003.3507529]), array([8609.66520388]), array([11398.71167837])]
this is the small shift between the xmm and erosita time series (time_xmm[0] - time_erosita[0]) 15.926984310150146
#####################################################################
 this is optimal_delay in hours, mins, secs 2 h 23 min 45.59218818656518 s
###################################################################################
this is the length of the observation 14280.0
just checking that this is indeed a sorted single individual delays [480. 320. 160.   0.]
########this obsID is going to be correlated########### 0810890501
this is max 6161.089552241648 this is min 4832.227099797372
these are the high correlation delays [array([6161.08955224]), array([6644.31226222])]
this is the small shift between the xmm and erosita time series (time_xmm[0] - time_erosita[0]) 117.95533847808838
#####################################################################
 this is optimal_delay in hours, mins, secs 1 h 44 min 39.04489071973603 s
###################################################################################
this is the length of the observation 25200.0
just checking that this is indeed a sorted single individual delays [320. 160.   0.]
########this obsID is going to be correlated########### 0892420201
this is max 0.0 this is min 6069.0339461962385
these are the high correlation delays [array([0.]), array([121.38067892]), array([242.76135785]), array([364.14203677]), array([485.5227157])]
this is the small shift between the xmm and erosita time series (time_xmm[0] - time_erosita[0]) 26.46761417388916
#####################################################################
 this is optimal_delay in hours, mins, secs 0 h 0 min 26.46761417388916 s
###################################################################################
this is the length of the observation 12720.0
just checking that this is indeed a sorted single individual delays [480. 320. 160.   0.]
########this obsID is going to be correlated########### 0881350101
this is max 7109.633883207656 this is min 14942.281381656769
these are the high correlation delays [array([1928.03630731]), array([2048.53857652]), array([2169.04084572]), array([2289.54311493]), array([2410.04538414]), array([2530.54765335]), array([2651.04992255]), array([2771.55219176]), array([2892.05446097]), array([3012.55673017]), array([3133.05899938]), array([3253.56126859]), array([3374.06353779]), array([3494.565807]), array([3615.06807621]), array([3735.57034541]), array([4579.08622986]), array([4699.58849907]), array([4940.59303748]), array([5181.5975759]), array([5302.0998451]), array([5422.60211431]), array([5543.10438352]), array([5663.60665272]), array([5784.10892193]), array([5904.61119114]), array([6145.61572955]), array([6266.11799876]), array([6386.62026797]), array([6507.12253717]), array([6627.62480638]), array([6748.12707559]), array([6868.62934479]), array([6989.131614]), array([7109.63388321]), array([7230.13615241]), array([7350.63842162]), array([7471.14069083]), array([7712.14522924]), array([7832.64749845])]
this is the small shift between the xmm and erosita time series (time_xmm[0] - time_erosita[0]) 43.845993518829346
#####################################################################
 this is optimal_delay in hours, mins, secs 1 h 59 min 13.4798767264856 s
###################################################################################
this is the length of the observation 56520.0
just checking that this is indeed a sorted single individual delays [480. 320. 160.   0.]
########this obsID is going to be correlated########### 0881210101
this is max 364.74064651499975 this is min 8510.615085349995
these are the high correlation delays [array([0.]), array([121.5802155]), array([243.16043101]), array([364.74064651]), array([486.32086202]), array([851.06150853]), array([2310.02409459])]
this is the small shift between the xmm and erosita time series (time_xmm[0] - time_erosita[0]) 39.34707450866699
#####################################################################
 this is optimal_delay in hours, mins, secs 0 h 6 min 44.087721023666745 s
###################################################################################
this is the length of the observation 10800.0
just checking that this is indeed a sorted single individual delays [480. 320. 160.   0.]
########this obsID is going to be correlated########### 0883090601
this is max 5457.262170039691 this is min 606.3624633377434
these are the high correlation delays []
this is the small shift between the xmm and erosita time series (time_xmm[0] - time_erosita[0]) 114.7303386926651
#####################################################################
 this is optimal_delay in hours, mins, secs 1 h 32 min 51.99250873235633 s
###################################################################################
this is the length of the observation 14160.0
just checking that this is indeed a sorted single individual delays [320. 160.   0.]
########this obsID is going to be correlated########### 0883090301
this is max 3660.928834943629 this is min 1830.4644174718146
these are the high correlation delays [array([3660.92883494]), array([3904.99075727])]
this is the small shift between the xmm and erosita time series (time_xmm[0] - time_erosita[0]) 34.09955549240112
#####################################################################
 this is optimal_delay in hours, mins, secs 1 h 1 min 35.02839043603035 s
###################################################################################
this is the length of the observation 8160.0
just checking that this is indeed a sorted single individual delays [480. 320. 160.   0.]
########this obsID is going to be correlated########### 9401800002
this is max 603.7657346147479 this is min 11592.30210460316
these are the high correlation delays [array([0.]), array([120.75314692]), array([241.50629385]), array([362.25944077]), array([483.01258769]), array([603.76573461]), array([724.51888154]), array([845.27202846]), array([966.02517538]), array([1086.77832231]), array([2052.80349769])]
this is the small shift between the xmm and erosita time series (time_xmm[0] - time_erosita[0]) 100.33309960365295
#####################################################################
 this is optimal_delay in hours, mins, secs 0 h 11 min 44.09883421840084 s
###################################################################################
this is the length of the observation 27840.0
just checking that this is indeed a sorted single individual delays [480. 320. 160.   0.]
########this obsID is going to be correlated########### 0891802101
this is max 7535.590821187924 this is min 5834.005797048716
these are the high correlation delays [array([3889.33719803]), array([4010.87898547]), array([7535.59082119]), array([7657.13260863])]
this is the small shift between the xmm and erosita time series (time_xmm[0] - time_erosita[0]) 26.821961402893066
#####################################################################
 this is optimal_delay in hours, mins, secs 2 h 6 min 2.412782590817187 s
###################################################################################
this is the length of the observation 23520.0
just checking that this is indeed a sorted single individual delays [480. 320. 160.   0.]
########this obsID is going to be correlated########### 0881210201
this is max 22186.762991140677 this is min 20739.800187370634
these are the high correlation delays [array([22066.18275749]), array([22186.76299114]), array([22307.34322479]), array([22427.92345844]), array([22548.50369208]), array([23151.40486032])]
this is the small shift between the xmm and erosita time series (time_xmm[0] - time_erosita[0]) 18.92714011669159
#####################################################################
 this is optimal_delay in hours, mins, secs 6 h 10 min 5.6901312573681935 s
###################################################################################
this is the length of the observation 43080.0
just checking that this is indeed a sorted single individual delays [480. 320. 160.   0.]
########this obsID is going to be correlated########### 0891801301
this is max 120.58203710628156 this is min 24478.153532575157
these are the high correlation delays [array([0.]), array([120.58203711]), array([241.16407421]), array([361.74611132]), array([482.32814843]), array([602.91018553]), array([723.49222264]), array([844.07425974]), array([964.65629685]), array([1085.23833396]), array([1205.82037106]), array([1326.40240817]), array([1446.98444528]), array([1567.56648238]), array([1688.14851949]), array([18328.46964015])]
this is the small shift between the xmm and erosita time series (time_xmm[0] - time_erosita[0]) 55.57006311416626
#####################################################################
 this is optimal_delay in hours, mins, secs 0 h 2 min 56.152100220447835 s
###################################################################################
this is the length of the observation 42960.0
just checking that this is indeed a sorted single individual delays [480. 320. 160.   0.]
########this obsID is going to be correlated########### 0883780201
this is max 3516.9882638474814 this is min 363.8263721221532
these are the high correlation delays [array([485.1018295]), array([727.65274424]), array([1334.03003111]), array([2425.50914748]), array([3516.98826385])]
this is the small shift between the xmm and erosita time series (time_xmm[0] - time_erosita[0]) 96.83818590641022
#####################################################################
 this is optimal_delay in hours, mins, secs 1 h 0 min 13.826449753891666 s
###################################################################################
this is the length of the observation 14160.0
just checking that this is indeed a sorted single individual delays [480. 320. 160.   0.]
there was an index error for time_xmm[0] and time_erosita[0]
########this obsID is going to be correlated########### 0883210401
this is max 9775.23283140476 this is min 1568.8645284970603
these are the high correlation delays [array([3137.72905699]), array([6034.09434037]), array([7240.91320845]), array([7361.59509526]), array([9775.2328314]), array([16171.3728322]), array([16412.73660582]), array([17136.82792666]), array([17860.9192475]), array([18102.28302112]), array([18222.96490793]), array([18464.32868154])]
this is the small shift between the xmm and erosita time series (time_xmm[0] - time_erosita[0]) 92.58857154846191
#####################################################################
 this is optimal_delay in hours, mins, secs 2 h 44 min 27.821402953222787 s
###################################################################################
this is the length of the observation 32880.0
just checking that this is indeed a sorted single individual delays [320. 160.   0.]
########this obsID is going to be correlated########### 0881070301
this is max 21271.504192548928 this is min 7614.231614378309
these are the high correlation delays [array([21271.50419255]), array([21392.36501182]), array([21634.08665038])]
this is the small shift between the xmm and erosita time series (time_xmm[0] - time_erosita[0]) 37.009376764297485
#####################################################################
 this is optimal_delay in hours, mins, secs 5 h 55 min 8.513569313225162 s
###################################################################################
this is the length of the observation 23400.0
just checking that this is indeed a sorted single individual delays [320. 160.   0.]
########this obsID is going to be correlated########### 0883550101
there were not enough datapoints to proceed with the correlation (<=5)
########this obsID is going to be correlated########### 0883550201
this is max 845.2006314693655 this is min 13281.724208804315
these are the high correlation delays [array([0.]), array([120.74294735]), array([241.48589471]), array([362.22884206]), array([482.97178941]), array([603.71473676]), array([724.45768412]), array([845.20063147]), array([965.94357882]), array([1086.68652617]), array([1207.42947353]), array([1328.17242088]), array([1448.91536823]), array([1569.65831559]), array([1690.40126294])]
this is the small shift between the xmm and erosita time series (time_xmm[0] - time_erosita[0]) 98.3823093175888
#####################################################################
 this is optimal_delay in hours, mins, secs 0 h 15 min 43.58294078695428 s
###################################################################################
this is the length of the observation 29280.0
just checking that this is indeed a sorted single individual delays [480. 320. 160.   0.]
########this obsID is going to be correlated########### 0891803001
this is max 1417.1998412694247 this is min 128.83634920631135
these are the high correlation delays []
this is the small shift between the xmm and erosita time series (time_xmm[0] - time_erosita[0]) 46.999063372612
#####################################################################
 this is optimal_delay in hours, mins, secs 0 h 24 min 24.198904642036723 s
###################################################################################
this is the length of the observation 1800.0
The duration of the observation was shorter than 3 times the window length: a window by window analysis will therefore not be provided
########this obsID is going to be correlated########### 0893400101
this is max 4112.888288669244 this is min 8346.743879946407
these are the high correlation delays [array([3024.1825652]), array([3870.95368345]), array([3991.92098606]), array([4112.88828867]), array([4717.72480171]), array([4838.69210432]), array([4959.65940692]), array([5080.62670953])]
this is the small shift between the xmm and erosita time series (time_xmm[0] - time_erosita[0]) 45.92831861972809
#####################################################################
 this is optimal_delay in hours, mins, secs 1 h 9 min 18.81660728897168 s
###################################################################################
this is the length of the observation 20160.0
just checking that this is indeed a sorted single individual delays [320. 160.   0.]
########this obsID is going to be correlated########### 0882721101
this is max 517.9899730682373 this is min 906.4824528694153
these are the high correlation delays [array([517.98997307])]
this is the small shift between the xmm and erosita time series (time_xmm[0] - time_erosita[0]) 13.934754133224487
#####################################################################
 this is optimal_delay in hours, mins, secs 0 h 8 min 51.92472720146179 s
###################################################################################
this is the length of the observation 1680.0
The duration of the observation was shorter than 3 times the window length: a window by window analysis will therefore not be provided
########this obsID is going to be correlated########### 0882720501
this is max 3265.3462774280842 this is min 8828.528824157413
these are the high correlation delays [array([1814.08126524]), array([3144.40752641]), array([3265.34627743]), array([3386.28502844]), array([3507.22377946]), array([3628.16253048]), array([3749.10128149])]
this is the small shift between the xmm and erosita time series (time_xmm[0] - time_erosita[0]) 70.53720688819885
#####################################################################
 this is optimal_delay in hours, mins, secs 0 h 55 min 35.8834843162831 s
###################################################################################
this is the length of the observation 21000.0
just checking that this is indeed a sorted single individual delays [480. 320. 160.   0.]
########this obsID is going to be correlated########### 9402400002
this is max 5838.982678612998 this is min 0.0
these are the high correlation delays []
this is the small shift between the xmm and erosita time series (time_xmm[0] - time_erosita[0]) 117.38431739807129
#####################################################################
 this is optimal_delay in hours, mins, secs 1 h 39 min 16.366996011069205 s
###################################################################################
this is the length of the observation 10440.0
just checking that this is indeed a sorted single individual delays [480. 320. 160.   0.]
########this obsID is going to be correlated########### 0883950201
this is max 901.8574985861779 this is min 386.5103565369334
these are the high correlation delays [array([901.85749859])]
this is the small shift between the xmm and erosita time series (time_xmm[0] - time_erosita[0]) 35.98105466365814
#####################################################################
 this is optimal_delay in hours, mins, secs 0 h 15 min 37.83855324983608 s
###################################################################################
this is the length of the observation 1800.0
The duration of the observation was shorter than 3 times the window length: a window by window analysis will therefore not be provided
########this obsID is going to be correlated########### 0872610701
this is max 246.50600147247312 this is min 3081.325018405914
these are the high correlation delays [array([0.]), array([246.50600147]), array([369.75900221])]
this is the small shift between the xmm and erosita time series (time_xmm[0] - time_erosita[0]) 86.60733139514923
#####################################################################
 this is optimal_delay in hours, mins, secs 0 h 5 min 33.113332867622375 s
###################################################################################
this is the length of the observation 4920.0
just checking that this is indeed a sorted single individual delays [160.   0.]
there was an index error for time_xmm[0] and time_erosita[0]
########this obsID is going to be correlated########### 0810850701
this is max 1088.9626686595382 this is min 725.9751124396921
these are the high correlation delays [array([1088.96266866]), array([1935.93363317]), array([2056.92948525])]
this is the small shift between the xmm and erosita time series (time_xmm[0] - time_erosita[0]) 78.19819986820221
#####################################################################
 this is optimal_delay in hours, mins, secs 0 h 19 min 27.160868527740377 s
###################################################################################
this is the length of the observation 19320.0
just checking that this is indeed a sorted single individual delays [320. 160.   0.]
########this obsID is going to be correlated########### 0891803801
this is max 365.53512475967403 this is min 3167.9710812505086
these are the high correlation delays [array([365.53512476])]
this is the small shift between the xmm and erosita time series (time_xmm[0] - time_erosita[0]) 68.28864550590515
#####################################################################
 this is optimal_delay in hours, mins, secs 0 h 7 min 13.823770265579185 s
###################################################################################
this is the length of the observation 9120.0
just checking that this is indeed a sorted single individual delays [320. 160.   0.]
there was an index error for time_xmm[0] and time_erosita[0]
########this obsID is going to be correlated########### 0881900301
this is max 3048.9994926963527 this is min 4390.559269482748
these are the high correlation delays [array([3048.9994927]), array([3170.9594724])]
this is the small shift between the xmm and erosita time series (time_xmm[0] - time_erosita[0]) 13.590307474136353
#####################################################################
 this is optimal_delay in hours, mins, secs 0 h 51 min 2.5898001704890703 s
###################################################################################
this is the length of the observation 8520.0
just checking that this is indeed a sorted single individual delays [320. 160.   0.]
########this obsID is going to be correlated########### 0884470201
this is max 248.50061593055727 this is min 2609.2564672708513
these are the high correlation delays [array([248.50061593]), array([372.7509239]), array([497.00123186])]
this is the small shift between the xmm and erosita time series (time_xmm[0] - time_erosita[0]) 65.38674581050873
#####################################################################
 this is optimal_delay in hours, mins, secs 0 h 5 min 13.887361741066002 s
###################################################################################
this is the length of the observation 3720.0
just checking that this is indeed a sorted single individual delays [320. 160.   0.]
########this obsID is going to be correlated########### 0891804201
this is max 1341.7824049099634 this is min 4635.248307870782
these are the high correlation delays [array([365.94065588]), array([487.92087451]), array([1219.80218628]), array([1341.78240491]), array([1463.76262354])]
this is the small shift between the xmm and erosita time series (time_xmm[0] - time_erosita[0]) 98.59029269218445
#####################################################################
 this is optimal_delay in hours, mins, secs 0 h 24 min 0.37269760214780945 s
###################################################################################
this is the length of the observation 8400.0
just checking that this is indeed a sorted single individual delays [320. 160.   0.]
########this obsID is going to be correlated########### 0893810101
this is max 2978.9249444776965 this is min 0.0
these are the high correlation delays []
this is the small shift between the xmm and erosita time series (time_xmm[0] - time_erosita[0]) 90.57510495185852
#####################################################################
 this is optimal_delay in hours, mins, secs 0 h 51 min 9.50004942955502 s
###################################################################################
this is the length of the observation 3840.0
just checking that this is indeed a sorted single individual delays [480. 160.   0.]
########this obsID is going to be correlated########### 0891802401
this is max 30363.60042510209 this is min 18917.00502675011
these are the high correlation delays [array([29761.14803572]), array([29881.63851359]), array([30002.12899147]), array([30122.61946935]), array([30243.10994722]), array([30363.6004251]), array([30484.09090298]), array([30604.58138086]), array([30725.07185873]), array([30845.56233661]), array([30966.05281449]), array([31086.54329237]), array([31207.03377024]), array([31327.52424812]), array([31448.014726]), array([31568.50520388])]
this is the small shift between the xmm and erosita time series (time_xmm[0] - time_erosita[0]) 26.456669330596924
#####################################################################
 this is optimal_delay in hours, mins, secs 8 h 26 min 30.057094432686426 s
###################################################################################
this is the length of the observation 58440.0
just checking that this is indeed a sorted single individual delays [480. 320. 160.   0.]
########this obsID is going to be correlated########### 0884993801
this is max 1103.0064769891592 this is min 5637.5886601668135
these are the high correlation delays [array([0.]), array([122.55627522]), array([245.11255044]), array([367.66882566]), array([490.22510088]), array([735.33765133]), array([857.89392655]), array([980.45020177]), array([1103.00647699])]
this is the small shift between the xmm and erosita time series (time_xmm[0] - time_erosita[0]) 93.32059669494629
#####################################################################
 this is optimal_delay in hours, mins, secs 0 h 19 min 56.32707368410547 s
###################################################################################
this is the length of the observation 6360.0
just checking that this is indeed a sorted single individual delays [320. 160.   0.]
########this obsID is going to be correlated########### 9403900002
this is max 1732.9751021721781 this is min 0.0
these are the high correlation delays []
this is the small shift between the xmm and erosita time series (time_xmm[0] - time_erosita[0]) 43.5822628736496
#####################################################################
 this is optimal_delay in hours, mins, secs 0 h 29 min 36.55736504582774 s
###################################################################################
this is the length of the observation 4200.0
just checking that this is indeed a sorted single individual delays [320. 160.   0.]
########this obsID is going to be correlated########### 0872610901
this is max 5523.703649751841 this is min 3436.97115984559
these are the high correlation delays [array([5523.70364975]), array([5646.45261975])]
this is the small shift between the xmm and erosita time series (time_xmm[0] - time_erosita[0]) 79.21907830238342
#####################################################################
 this is optimal_delay in hours, mins, secs 1 h 33 min 22.922728054224535 s
###################################################################################
this is the length of the observation 5880.0
just checking that this is indeed a sorted single individual delays [480. 320. 160.   0.]
########this obsID is going to be correlated########### 0872610601
this is max 9432.012237872108 this is min 7013.5475614946445
these are the high correlation delays [array([8948.3193026]), array([9069.24253642]), array([9190.16577023]), array([9311.08900405]), array([9432.01223787]), array([9552.93547169]), array([9673.85870551]), array([9794.78193933]), array([10520.32134224])]
this is the small shift between the xmm and erosita time series (time_xmm[0] - time_erosita[0]) 69.08676433563232
#####################################################################
 this is optimal_delay in hours, mins, secs 2 h 38 min 21.09900220774034 s
###################################################################################
this is the length of the observation 21360.0
just checking that this is indeed a sorted single individual delays [320. 160.   0.]
########this obsID is going to be correlated########### 0893810201
this is max 3031.1836031533903 this is min 4607.399076793154
these are the high correlation delays [array([3031.18360315])]
this is the small shift between the xmm and erosita time series (time_xmm[0] - time_erosita[0]) 25.006768465042114
#####################################################################
 this is optimal_delay in hours, mins, secs 0 h 50 min 56.19037161843244 s
###################################################################################
this is the length of the observation 14280.0
just checking that this is indeed a sorted single individual delays [320. 160.   0.]
########this obsID is going to be correlated########### 0881900801
this is max 0.0 this is min 1093.4376049228013
these are the high correlation delays [array([0.]), array([121.49306721]), array([242.98613443]), array([2429.86134427]), array([2551.35441149]), array([2672.8474787])]
this is the small shift between the xmm and erosita time series (time_xmm[0] - time_erosita[0]) 109.84946417808533
#####################################################################
 this is optimal_delay in hours, mins, secs 0 h 1 min 49.84946417808533 s
###################################################################################
this is the length of the observation 11640.0
just checking that this is indeed a sorted single individual delays [320. 160.   0.]
########this obsID is going to be correlated########### 0884992901
this is max 4850.2813432176235 this is min 727.5422014826435
these are the high correlation delays [array([3273.93990667]), array([3395.19694025]), array([3516.45397383]), array([3637.71100741]), array([3880.22507457]), array([4001.48210815]), array([4122.73914173]), array([4243.99617532]), array([4365.2532089]), array([4607.76727606]), array([4729.02430964]), array([4850.28134322]), array([4971.5383768])]
this is the small shift between the xmm and erosita time series (time_xmm[0] - time_erosita[0]) 6.880753397941589
#####################################################################
 this is optimal_delay in hours, mins, secs 1 h 20 min 57.16209661556513 s
###################################################################################
this is the length of the observation 14280.0
just checking that this is indeed a sorted single individual delays [320. 160.   0.]
########this obsID is going to be correlated########### 0883550301
this is max 7149.596791801974 this is min 8119.033644927666
these are the high correlation delays [array([2908.31055938]), array([7149.5967918]), array([7270.77639844])]
this is the small shift between the xmm and erosita time series (time_xmm[0] - time_erosita[0]) 100.99327421188354
#####################################################################
 this is optimal_delay in hours, mins, secs 2 h 0 min 50.59006601385772 s
###################################################################################
this is the length of the observation 15480.0
just checking that this is indeed a sorted single individual delays [480. 320. 160.   0.]
########this obsID is going to be correlated########### 0890640201
this is max 495.1117589894463 this is min 371.3338192420847
these are the high correlation delays [array([495.11175899])]
this is the small shift between the xmm and erosita time series (time_xmm[0] - time_erosita[0]) 17.54418110847473
#####################################################################
 this is optimal_delay in hours, mins, secs 0 h 8 min 32.655940097921075 s
###################################################################################
this is the length of the observation 4200.0
just checking that this is indeed a sorted single individual delays [480. 160.   0.]
########this obsID is going to be correlated########### 0880000701
this is max 3148.3728661368077 this is min 8234.205957588574
these are the high correlation delays [array([2179.64275348]), array([2421.82528164]), array([2542.91654573]), array([2664.00780981]), array([2785.09907389]), array([2906.19033797]), array([3027.28160205]), array([3148.37286614]), array([3269.46413022]), array([3390.5553943]), array([3511.64665838]), array([3753.82918655]), array([3874.92045063]), array([3996.01171471]), array([4117.10297879]), array([4359.28550696]), array([4480.37677104]), array([4601.46803512]), array([4722.55929921])]
this is the small shift between the xmm and erosita time series (time_xmm[0] - time_erosita[0]) 119.96127533912659
#####################################################################
 this is optimal_delay in hours, mins, secs 0 h 54 min 28.334141475934302 s
###################################################################################
this is the length of the observation 17040.0
just checking that this is indeed a sorted single individual delays [480. 320. 160.   0.]
########this obsID is going to be correlated########### 0884120101
this is max 372.3489299897224 this is min 2978.7914399177794
these are the high correlation delays [array([248.23261999]), array([372.34892999])]
this is the small shift between the xmm and erosita time series (time_xmm[0] - time_erosita[0]) 24.188636302947998
#####################################################################
 this is optimal_delay in hours, mins, secs 0 h 6 min 36.53756629267042 s
###################################################################################
this is the length of the observation 3840.0
just checking that this is indeed a sorted single individual delays [320. 160.   0.]
########this obsID is going to be correlated########### 0891400201
this is max 7032.485783435902 this is min 7517.484802983205
these are the high correlation delays [array([6304.98725411]), array([6547.48676389]), array([6668.73651878]), array([6911.23602855]), array([7032.48578344])]
this is the small shift between the xmm and erosita time series (time_xmm[0] - time_erosita[0]) 41.789676785469055
#####################################################################
 this is optimal_delay in hours, mins, secs 1 h 57 min 54.27546022137085 s
###################################################################################
this is the length of the observation 14520.0
just checking that this is indeed a sorted single individual delays [480. 320. 160.   0.]
########this obsID is going to be correlated########### 0884120201
this is max 9886.312109364402 this is min 5304.850400146752
these are the high correlation delays [array([0.]), array([120.56478182]), array([1808.47172732]), array([2290.73085461]), array([8318.96994568]), array([8439.53472751]), array([9524.6177639]), array([9645.18254572]), array([9765.74732754]), array([9886.31210936])]
this is the small shift between the xmm and erosita time series (time_xmm[0] - time_erosita[0]) 20.524037837982178
#####################################################################
 this is optimal_delay in hours, mins, secs 2 h 45 min 6.836147202384382 s
###################################################################################
this is the length of the observation 44400.0
just checking that this is indeed a sorted single individual delays [480. 320. 160.   0.]
########this obsID is going to be correlated########### 0884740201
this is max 9398.953066995364 this is min 24099.87965896247
these are the high correlation delays [array([8555.45727893]), array([8675.95667723]), array([8796.45607552]), array([8916.95547382]), array([9037.45487211]), array([9157.95427041]), array([9278.4536687]), array([9398.953067]), array([9519.45246529]), array([9639.95186358]), array([9760.45126188]), array([9880.95066017]), array([10001.45005847]), array([10121.94945676]), array([10242.44885506]), array([10362.94825335]), array([10483.44765165]), array([10603.94704994]), array([10724.44644824]), array([10844.94584653])]
this is the small shift between the xmm and erosita time series (time_xmm[0] - time_erosita[0]) 46.55561804771423
#####################################################################
 this is optimal_delay in hours, mins, secs 2 h 37 min 25.508685043078003 s
###################################################################################
this is the length of the observation 56160.0
just checking that this is indeed a sorted single individual delays [480. 320. 160.   0.]
########this obsID is going to be correlated########### 0893810401
this is max 2535.56661322442 this is min 5916.322097523646
these are the high correlation delays [array([845.18887107]), array([1086.67140567]), array([1207.41267296]), array([1328.15394026]), array([1448.89520756]), array([1569.63647485]), array([1690.37774215]), array([1811.11900945]), array([1931.86027674]), array([2052.60154404]), array([2173.34281134]), array([2294.08407863]), array([2414.82534593]), array([2535.56661322]), array([2656.30788052]), array([2777.04914782]), array([2897.79041511]), array([3018.53168241]), array([3139.27294971]), array([3260.014217]), array([3380.7554843])]
this is the small shift between the xmm and erosita time series (time_xmm[0] - time_erosita[0]) 53.494791984558105
#####################################################################
 this is optimal_delay in hours, mins, secs 0 h 43 min 9.061405208978158 s
###################################################################################
this is the length of the observation 29160.0
just checking that this is indeed a sorted single individual delays [320. 160.   0.]
########this obsID is going to be correlated########### 0885260101
this is max 7499.9970100402825 this is min 2056.4507930755617
these are the high correlation delays [array([483.87077484]), array([604.83846855]), array([7258.06162262]), array([7379.02931633]), array([7499.99701004]), array([7620.96470375]), array([7741.93239746]), array([7862.90009117])]
this is the small shift between the xmm and erosita time series (time_xmm[0] - time_erosita[0]) 44.16517734527588
#####################################################################
 this is optimal_delay in hours, mins, secs 2 h 5 min 44.162187385558354 s
###################################################################################
this is the length of the observation 19920.0
just checking that this is indeed a sorted single individual delays [480. 320. 160.   0.]
########this obsID is going to be correlated########### 0890700201
this is max 13427.840877510886 this is min 2419.4307887407
these are the high correlation delays [array([13306.86933807]), array([13427.84087751])]
this is the small shift between the xmm and erosita time series (time_xmm[0] - time_erosita[0]) 8.724019408226013
#####################################################################
 this is optimal_delay in hours, mins, secs 3 h 43 min 56.56489691911156 s
###################################################################################
this is the length of the observation 19560.0
just checking that this is indeed a sorted single individual delays [480. 320. 160.   0.]
########this obsID is going to be correlated########### 0881190301
this is max 998.8633727293749 this is min 0.0
these are the high correlation delays [array([998.86337273]), array([1123.72129432])]
this is the small shift between the xmm and erosita time series (time_xmm[0] - time_erosita[0]) 67.53098165988922
#####################################################################
 this is optimal_delay in hours, mins, secs 0 h 17 min 46.39435438926421 s
###################################################################################
this is the length of the observation 3240.0
just checking that this is indeed a sorted single individual delays [480.   0.]
########this obsID is going to be correlated########### 0880860201
this is max 2777.0210478235394 this is min 11108.084191294158
these are the high correlation delays [array([1931.84072892]), array([2777.02104782]), array([4467.38168563])]
this is the small shift between the xmm and erosita time series (time_xmm[0] - time_erosita[0]) 67.72991645336151
#####################################################################
 this is optimal_delay in hours, mins, secs 0 h 47 min 24.75096427690096 s
###################################################################################
this is the length of the observation 28560.0
just checking that this is indeed a sorted single individual delays [480. 320. 160.   0.]
########this obsID is going to be correlated########### 9405200004
this is max 0.0 this is min 2460.4952803323436
these are the high correlation delays [array([0.]), array([123.02476402]), array([246.04952803])]
this is the small shift between the xmm and erosita time series (time_xmm[0] - time_erosita[0]) 89.21649968624115
#####################################################################
 this is optimal_delay in hours, mins, secs 0 h 1 min 29.21649968624115 s
###################################################################################
this is the length of the observation 5280.0
just checking that this is indeed a sorted single individual delays [320. 160.   0.]
########this obsID is going to be correlated########### 0870840201
this is max 4608.114907281012 this is min 2546.5898171816116
these are the high correlation delays [array([4608.11490728])]
this is the small shift between the xmm and erosita time series (time_xmm[0] - time_erosita[0]) 48.10980427265167
#####################################################################
 this is optimal_delay in hours, mins, secs 1 h 17 min 36.22471155366384 s
###################################################################################
this is the length of the observation 14160.0
just checking that this is indeed a sorted single individual delays [320. 160.   0.]
########this obsID is going to be correlated########### 0870860401
this is max 1465.7770560128347 this is min 122.14808800106955
these are the high correlation delays [array([1465.77705601]), array([2442.96176002])]
this is the small shift between the xmm and erosita time series (time_xmm[0] - time_erosita[0]) 46.33748400211334
#####################################################################
 this is optimal_delay in hours, mins, secs 0 h 25 min 12.114540014948034 s
###################################################################################
this is the length of the observation 7680.0
just checking that this is indeed a sorted single individual delays [160.   0.]
########this obsID is going to be correlated########### 9405300002
this is max 619.9564473889768 this is min 1239.9128947779536
these are the high correlation delays [array([0.]), array([619.95644739])]
this is the small shift between the xmm and erosita time series (time_xmm[0] - time_erosita[0]) 86.0561112165451
#####################################################################
 this is optimal_delay in hours, mins, secs 0 h 11 min 46.01255860552192 s
###################################################################################
this is the length of the observation 3960.0
just checking that this is indeed a sorted single individual delays [480. 160.   0.]
########this obsID is going to be correlated########### 0884630201
this is max 848.8545340900747 this is min 1576.4441347387103
these are the high correlation delays [array([848.85453409])]
this is the small shift between the xmm and erosita time series (time_xmm[0] - time_erosita[0]) 61.54381203651428
#####################################################################
 this is optimal_delay in hours, mins, secs 0 h 15 min 10.39834612658899 s
###################################################################################
this is the length of the observation 14160.0
just checking that this is indeed a sorted single individual delays [480. 160.   0.]
########this obsID is going to be correlated########### 0882650201
this is max 0.0 this is min 647.4337505377256
these are the high correlation delays [array([0.])]
this is the small shift between the xmm and erosita time series (time_xmm[0] - time_erosita[0]) 92.17164599895477
#####################################################################
 this is optimal_delay in hours, mins, secs 0 h 1 min 32.17164599895477 s
###################################################################################
this is the length of the observation 1680.0
The duration of the observation was shorter than 3 times the window length: a window by window analysis will therefore not be provided
########this obsID is going to be correlated########### 0882650301
this is max 9799.745676062863 this is min 5807.256696926141
these are the high correlation delays [array([483.93805808]), array([9799.74567606])]
this is the small shift between the xmm and erosita time series (time_xmm[0] - time_erosita[0]) 105.7567024230957
#####################################################################
 this is optimal_delay in hours, mins, secs 2 h 45 min 5.502378485958616 s
###################################################################################
this is the length of the observation 19440.0
just checking that this is indeed a sorted single individual delays [480. 320. 160.   0.]
########this obsID is going to be correlated########### 0840140401
this is max 604.6924126300082 this is min 1330.3233077860182
these are the high correlation delays [array([604.69241263]), array([725.63089516])]
this is the small shift between the xmm and erosita time series (time_xmm[0] - time_erosita[0]) 62.951661229133606
#####################################################################
 this is optimal_delay in hours, mins, secs 0 h 11 min 7.644073859141827 s
###################################################################################
this is the length of the observation 18960.0
just checking that this is indeed a sorted single individual delays [480. 320. 160.   0.]
########this obsID is going to be correlated########### 9405600002
this is max 123.77196203259861 this is min 1361.4915823585845
these are the high correlation delays [array([123.77196203])]
this is the small shift between the xmm and erosita time series (time_xmm[0] - time_erosita[0]) 69.11880767345428
#####################################################################
 this is optimal_delay in hours, mins, secs 0 h 3 min 12.890769706052879 s
###################################################################################
this is the length of the observation 4200.0
just checking that this is indeed a sorted single individual delays [320. 160.   0.]
########this obsID is going to be correlated########### 0893810601
this is max 2820.4440737986565 this is min 1471.536038503647
these are the high correlation delays []
this is the small shift between the xmm and erosita time series (time_xmm[0] - time_erosita[0]) 68.43476402759552
#####################################################################
 this is optimal_delay in hours, mins, secs 0 h 48 min 8.878837826252038 s
###################################################################################
this is the length of the observation 6120.0
just checking that this is indeed a sorted single individual delays [480. 320.   0.]
########this obsID is going to be correlated########### 0892420401
this is max 248.75475439532053 this is min 373.13213159298084
these are the high correlation delays [array([248.7547544])]
this is the small shift between the xmm and erosita time series (time_xmm[0] - time_erosita[0]) 11.17548131942749
#####################################################################
 this is optimal_delay in hours, mins, secs 0 h 4 min 19.93023571474805 s
###################################################################################
this is the length of the observation 3600.0
just checking that this is indeed a sorted single individual delays [320.   0.]
there was an index error for time_xmm[0] and time_erosita[0]
########this obsID is going to be correlated########### 0840140901
this is max 5565.636380195617 this is min 2540.8339996545214
these are the high correlation delays [array([362.97628566]), array([3145.79447576]), array([3629.76285665]), array([5565.6363802]), array([5686.62847542])]
this is the small shift between the xmm and erosita time series (time_xmm[0] - time_erosita[0]) 50.30307447910309
#####################################################################
 this is optimal_delay in hours, mins, secs 1 h 33 min 35.939454674719855 s
###################################################################################
this is the length of the observation 19440.0
just checking that this is indeed a sorted single individual delays [480. 320. 160.   0.]
there was an index error for time_xmm[0] and time_erosita[0]
########this obsID is going to be correlated########### 0893810801
this is max 2910.041585768683 this is min 5820.083171537366
these are the high correlation delays []
this is the small shift between the xmm and erosita time series (time_xmm[0] - time_erosita[0]) 5.616773843765259
#####################################################################
 this is optimal_delay in hours, mins, secs 0 h 48 min 35.658359612448294 s
###################################################################################
this is the length of the observation 14280.0
just checking that this is indeed a sorted single individual delays [320. 160.   0.]
########this obsID is going to be correlated########### 0840140601
this is max 3627.1991422690085 this is min 1209.0663807563362
these are the high correlation delays [array([3385.38586612]), array([3506.29250419]), array([3627.19914227]), array([3748.10578034]), array([3869.01241842]), array([3989.9190565]), array([5561.70535148]), array([5682.61198955])]
this is the small shift between the xmm and erosita time series (time_xmm[0] - time_erosita[0]) 80.39827871322632
#####################################################################
 this is optimal_delay in hours, mins, secs 1 h 1 min 47.59742098223478 s
###################################################################################
this is the length of the observation 21840.0
just checking that this is indeed a sorted single individual delays [320. 160.   0.]
########this obsID is going to be correlated########### 0890700301
this is max 5699.513854540311 this is min 2182.792540036715
these are the high correlation delays [array([5699.51385454]), array([5820.78010676])]
this is the small shift between the xmm and erosita time series (time_xmm[0] - time_erosita[0]) 88.70417106151581
#####################################################################
 this is optimal_delay in hours, mins, secs 1 h 36 min 28.21802560182641 s
###################################################################################
this is the length of the observation 14160.0
just checking that this is indeed a sorted single individual delays [480. 320. 160.   0.]
########this obsID is going to be correlated########### 0885260201
this is max 1939.9323310852049 this is min 6183.53430533409
these are the high correlation delays [array([1576.19501901]), array([1818.68656039]), array([1939.93233109]), array([2061.17810178]), array([2182.42387247])]
this is the small shift between the xmm and erosita time series (time_xmm[0] - time_erosita[0]) 7.022208213806152
#####################################################################
 this is optimal_delay in hours, mins, secs 0 h 32 min 26.954539299011003 s
###################################################################################
this is the length of the observation 14280.0
just checking that this is indeed a sorted single individual delays [320. 160.   0.]
########this obsID is going to be correlated########### 0882130301
this is max 1333.71737091218 this is min 5819.857618525877
these are the high correlation delays [array([848.72923604]), array([969.97626975]), array([1091.22330347]), array([1212.47033719]), array([1333.71737091]), array([1454.96440463]), array([1576.21143835]), array([1697.45847207])]
this is the small shift between the xmm and erosita time series (time_xmm[0] - time_erosita[0]) 11.590034484863281
#####################################################################
 this is optimal_delay in hours, mins, secs 0 h 22 min 25.30740539704334 s
###################################################################################
this is the length of the observation 14280.0
just checking that this is indeed a sorted single individual delays [320. 160.   0.]
there was an index error for time_xmm[0] and time_erosita[0]
########this obsID is going to be correlated########### 0882650501
this is max 3619.472989227812 this is min 10979.068067324362
these are the high correlation delays [array([1327.14009605]), array([1568.43829533]), array([1930.38559425]), array([2051.0346939]), array([2171.68379354]), array([2292.33289318]), array([2412.98199282]), array([2533.63109246]), array([2654.2801921]), array([3136.87659066]), array([3378.17478995]), array([3498.82388959]), array([3619.47298923]), array([3740.12208887]), array([3860.77118851]), array([3981.42028815]), array([4102.06938779]), array([9289.98067235]), array([25095.01272531])]
this is the small shift between the xmm and erosita time series (time_xmm[0] - time_erosita[0]) 70.070636510849
#####################################################################
 this is optimal_delay in hours, mins, secs 1 h 1 min 29.54362573866092 s
###################################################################################
this is the length of the observation 35520.0
just checking that this is indeed a sorted single individual delays [480. 320. 160.   0.]
########this obsID is going to be correlated########### 0884120301
this is max 3780.670746595519 this is min 121.95712085791996
these are the high correlation delays [array([1707.39969201]), array([3658.71362574]), array([3780.6707466]), array([3902.62786745])]
this is the small shift between the xmm and erosita time series (time_xmm[0] - time_erosita[0]) 117.53092896938324
#####################################################################
 this is optimal_delay in hours, mins, secs 1 h 4 min 58.201675564902416 s
###################################################################################
this is the length of the observation 8520.0
just checking that this is indeed a sorted single individual delays [320. 160.   0.]
########this obsID is going to be correlated########### 9406500003
this is max 9094.474221740737 this is min 2425.1931257975302
these are the high correlation delays [array([8730.69525287]), array([9094.47422174]), array([9215.73387803]), array([9336.99353432]), array([9700.77250319])]
this is the small shift between the xmm and erosita time series (time_xmm[0] - time_erosita[0]) 25.76049029827118
#####################################################################
 this is optimal_delay in hours, mins, secs 2 h 32 min 0.23471203900771798 s
###################################################################################
this is the length of the observation 14280.0
just checking that this is indeed a sorted single individual delays [480. 320. 160.   0.]
########this obsID is going to be correlated########### 0890620101
this is max 741.4969814221063 this is min 1730.1596233182481
these are the high correlation delays [array([741.49698142]), array([865.07981166])]
this is the small shift between the xmm and erosita time series (time_xmm[0] - time_erosita[0]) 21.266377449035645
#####################################################################
 this is optimal_delay in hours, mins, secs 0 h 12 min 42.76335887114192 s
###################################################################################
this is the length of the observation 4440.0
just checking that this is indeed a sorted single individual delays [320. 160.   0.]
########this obsID is going to be correlated########### 0880582201
this is max 571.0482193490733 this is min 285.52410967453665
these are the high correlation delays []
this is the small shift between the xmm and erosita time series (time_xmm[0] - time_erosita[0]) 29.171965956687927
#####################################################################
 this is optimal_delay in hours, mins, secs 0 h 10 min 0.22018530576121975 s
###################################################################################
this is the length of the observation 2880.0
just checking that this is indeed a sorted single individual delays [320. 160.   0.]
########this obsID is going to be correlated########### 0810401301
this is max 21109.490974509295 this is min 6393.16012370853
these are the high correlation delays [array([15801.9618152]), array([20868.23964909]), array([20988.8653118]), array([21109.49097451]), array([21230.11663722]), array([21350.74229993]), array([21471.36796264]), array([21591.99362536])]
this is the small shift between the xmm and erosita time series (time_xmm[0] - time_erosita[0]) 70.90401256084442
#####################################################################
 this is optimal_delay in hours, mins, secs 5 h 53 min 0.39498707013990497 s
###################################################################################
this is the length of the observation 37680.0
just checking that this is indeed a sorted single individual delays [480. 320. 160.   0.]
########this obsID is going to be correlated########### 0885110101
this is max 1333.8654946068584 this is min 2667.730989213717
these are the high correlation delays [array([1333.86549461]), array([3395.29398627])]
this is the small shift between the xmm and erosita time series (time_xmm[0] - time_erosita[0]) 22.21429407596588
#####################################################################
 this is optimal_delay in hours, mins, secs 0 h 22 min 36.0797886828243 s
###################################################################################
this is the length of the observation 14280.0
just checking that this is indeed a sorted single individual delays [480. 320. 160.   0.]
########this obsID is going to be correlated########### 0881630601
this is max 1455.0336117133115 this is min 11761.521694682602
these are the high correlation delays []
this is the small shift between the xmm and erosita time series (time_xmm[0] - time_erosita[0]) 111.65474355220795
#####################################################################
 this is optimal_delay in hours, mins, secs 0 h 26 min 6.688355265519476 s
###################################################################################
this is the length of the observation 14160.0
just checking that this is indeed a sorted single individual delays [320. 160.   0.]
############################################################################################################################################
these are all the overarching delays (optimised) [90.32489717006683, 1279.535892124869, 6514.433607165632, 147.57142149300134, 128.06751760840416, 3965.905127835273, 323.86890919293677, 4445.621647298336, 404.24614892005917, 5111.625676491321, 1783.6941657412763, 210.38326632493255, 1094.4463584329305, 309.40206914598286, 5291.299339407401, 8046.902257997414, 37.53085434436798, 2057.1153261769905, 2994.8320042903606, 1795.6563273056418, 856.219405690829, 1212.2514041397308, 6778.824015944431, 6784.187275581889, 3972.424736084563, 1763.504499234058, 177.00581485033035, 1803.3470159133274, 20780.893670695936, 3351.868844533667, 459.7548211979311, 1644.7681964244998, 900.0005756219228, 12630.611022675008, 346.80223563171563, 5948.133032419204, 4409.835913040421, 7444.038026434027, 3655.0874454948344, 9920.151280714916, 2303.5392568331013, 894.548516178131, 790.245094534067, 3456.9856866047935, 490.83075864315026, 10.130776047706604, 7116.538697160633, 304669.657326545, 1421.1416483782232, 423.855812055724, 4216.240965932608, 1692.3755133019554, 3106.659467778654, 9050.904461981905, 2135.579387213121, 100.59102737903595, 3041.0069747547946, 1641.0921659602059, 5891.374354004861, 2804.726976647215, 491.5796412660162, 253.4870593771839, 9955.008673765076, 703.3451197993043, 284.30866941121906, 9680.542775882615, 17552.066398296865, 4123.735799884392, 3909.4808911644686, 7598.49063176477, 7005.469002515077, 750.7278891511864, 7220.887184750321, 2128.900709705551, 953.6383237031501, 477.58200846700106, 1313.6979128360747, 208.69404877315867, 1224.5153622410512, 171.0696756371066, 6854.0557410523425, 4257.654222413644, 1033.6305941045284, 2486.8534557740763, 1012.5284691095352, 3994.5681300539713, 71.19537472724915, 406.7095770294016, 286.1541413203218, 5150.8494040775295, 3646.767571057303, 1495.615673794303, 3506.856880454456, 18825.536809197994, 7941.61277841476, 2210.7365579207735, 31.30293369293213, 3573.26883845044, 1986.671236312908, 136.37121942386787, 110.32872557640076, 1396.298444176066, 1876.2986605809283, 7525.956127882003, 2091.0459444146973, 897.476287578925, 605.3232246961409, 11129.454450400013, 4992.9679437168925, 4042.2175544346023, 72.89494252204895, 3398.187547859499, 112.65779340267181, 7271.134146478308, 9914.333320223368, 212.14028377716357, 82.7269629240036, 719.365471080837, 33.723228216171265, 2764.807790401654, 629.0221314662593, 1572.6468096565798, 2164.0352096167476, 1539.5243773130662, 6410.75821756152, 452.01591639029675, 478.67114267565984, 9351.88352934271, 7070.738763844266, 240.88319128751755, 43.406341314315796, 8219.968731404397, 3527.9905035628212, 2905.765145520879, 1136.7933915342603, 1199.6827927174104, 1439.5037857649172, 1310.2648062870421, 74.97515833377838, 5469.589359164238, 11131.976550410776, 207.9951538326394, 5228.479353129864, 10914.831508887917, 117.8244047164917, 26.222566962242126, 4160.045254242726, 245.51409192879993, 462.43639441178397, 5203.290912287698, 10318.888652386633, 2834.9252934455876, 10864.426653802395, 7345.941641787893, 8197.364480128592, 28.629995465278625, 77.40084612369537, 24.346917033195496, 518.3837838330111, 2558.320918146769, 7491.3889978431225, 4954.413046759418, 2080.4084344227267, 6701.252468716384, 6937.201500197418, 864.4707764089106, 5869.727131271974, 4934.268532577936, 23925.537306589144, 797.7033567145719, 7382.461013891758, 18451.500923923162, 179.80158959825832, 1966.3513640771594, 1149.2052529281693, 12828.250886783157, 8793.266039588436, 289.80272744797367, 1309.8324523777026, 6562.434434095766, 4121.843815271671, 6179.604628962384, 2328.1143768530783, 6667.241807176787, 2445.6083872587446, 8342.02878409422, 461.7139038776097, 104.34896695613861, 3324.5674358231304, 1194.2338991119311, 10881.476193109369, 4964.781079398261, 10286.696413440732, 341.7732538704603, 8357.756846264896, 3620.404627722553, 1255.8270192074979, 2622.909365727351, 7355.646903734941, 1641.4417877768267, 1613.2758818786654, 3381.1347605011674, 5069.326966121042, 79201.97032144181, 770.0716491937637, 2647.2625167818546, 2041.8563696459719, 5972.805355985959, 9470.855524029554, 402.47067469900304, 1469.4881738181841, 82.93125283718109, 2982.144422243803, 57156.16350321682, 22901.81453464031, 1968.2005693912506, 4816.5764186382285, 12746.768020358852, 1602.9938820362092, 1342.9966494957162, 31019.144869560292, 351.02701754229406, 15093.286933912606, 126.16072252629294, 538.2148308118185, 2309.0803692042828, 4229.597472640185, 3528.7182879050574, 11434.842777266058, 72.62844383716583, 13521.918932530087, 85.6155880689621, 17.046916365623474, 18107.14045181094, 1049.797616759936, 1384.1929843351245, 221.52392447494964, 2207.962582874298, 524.722689043908, 6567.917817175387, 102.22921741008759, 911.4018032479489, 50.241872906684875, 4390.055532011119, 495.50049074625565, 5856.828364422688, 4986.014598319607, 6360.849136577712, 1207.510736474624, 11.748387575149536, 10.457140445709229, 26.33053755760193, 3674.2468102969747, 148.84588041849304, 12716.205219393138, 5903.051985249591, 934.6491063801018, 1032.1980722409028, 2122.6356100312305, 477.83829290668166, 1119.2932423811692, 3352.3898336291313, 88.04693710803986, 3103.774490874038, 3324.7700725656287, 6518.382880455739, 2683.1958073242654, 1059.963398337364, 206.9278944046771, 562.3568495420309, 4048.9990201149235, 2021.3497993620956, 30.561598539352417, 4986.329043494216, 950.2377588219114, 2699.538948136543, 5449.5035162807835, 5753.983814789077, 893.2241929324468, 3623.0998350065997, 5649.452897499769, 4323.8716386339875, 1507.4221771138054, 41867.26193742301, 1188.7605647529874, 8625.592188186565, 6279.044890719736, 26.46761417388916, 7153.479876726486, 404.08772102366675, 5571.992508732356, 3695.0283904360303, 704.0988342184008, 7562.412782590817, 22205.69013125737, 176.15210022044783, 3613.8264497538917, 9867.821402953223, 21308.513569313225, 943.5829407869543, 1464.1989046420367, 4158.816607288972, 531.9247272014618, 3335.883484316283, 5956.366996011069, 937.8385532498361, 333.1133328676224, 1167.1608685277404, 433.8237702655792, 3062.589800170489, 313.887361741066, 1440.3726976021478, 3069.500049429555, 30390.057094432686, 1196.3270736841055, 1776.5573650458277, 5602.9227280542245, 9501.09900220774, 3056.1903716184324, 109.84946417808533, 4857.162096615565, 7250.590066013858, 512.6559400979211, 3268.3341414759343, 396.5375662926704, 7074.275460221371, 9906.836147202384, 9445.508685043078, 2589.061405208978, 7544.162187385558, 13436.564896919112, 1066.3943543892642, 2844.750964276901, 89.21649968624115, 4656.224711553664, 1512.114540014948, 706.0125586055219, 910.398346126589, 92.17164599895477, 9905.502378485959, 667.6440738591418, 192.89076970605288, 2888.878837826252, 259.93023571474805, 5615.93945467472, 2915.6583596124483, 3707.597420982235, 5788.218025601826, 1946.954539299011, 1345.3074053970433, 3689.543625738661, 3898.2016755649024, 9120.234712039008, 762.7633588711419, 600.2201853057612, 21180.39498707014, 1356.0797886828243, 1566.6883552655195]
these are all delays with corr > 2 sigma [1279.535892124869, 6514.433607165632, 147.57142149300134, 128.06751760840416, 3965.905127835273, 323.86890919293677, 404.24614892005917, 5111.625676491321, 1783.6941657412763, 210.38326632493255, 1094.4463584329305, 5291.299339407401, 8046.902257997414, 37.53085434436798, 2057.1153261769905, 1795.6563273056418, 1212.2514041397308, 6784.187275581889, 3972.424736084563, 1763.504499234058, 20780.893670695936, 459.7548211979311, 1644.7681964244998, 12630.611022675008, 346.80223563171563, 5948.133032419204, 7444.038026434027, 3655.0874454948344, 9920.151280714916, 2303.5392568331013, 894.548516178131, 790.245094534067, 3456.9856866047935, 10.130776047706604, 7116.538697160633, 1692.3755133019554, 3106.659467778654, 2135.579387213121, 1641.0921659602059, 2804.726976647215, 491.5796412660162, 253.4870593771839, 703.3451197993043, 284.30866941121906, 9680.542775882615, 17552.066398296865, 4123.735799884392, 3909.4808911644686, 7598.49063176477, 750.7278891511864, 7220.887184750321, 2128.900709705551, 953.6383237031501, 477.58200846700106, 1313.6979128360747, 1224.5153622410512, 171.0696756371066, 6854.0557410523425, 4257.654222413644, 1033.6305941045284, 2486.8534557740763, 1012.5284691095352, 71.19537472724915, 406.7095770294016, 286.1541413203218, 5150.8494040775295, 3646.767571057303, 1495.615673794303, 18825.536809197994, 7941.61277841476, 2210.7365579207735, 31.30293369293213, 3573.26883845044, 1986.671236312908, 136.37121942386787, 110.32872557640076, 1396.298444176066, 1876.2986605809283, 7525.956127882003, 2091.0459444146973, 897.476287578925, 605.3232246961409, 11129.454450400013, 4992.9679437168925, 4042.2175544346023, 72.89494252204895, 3398.187547859499, 112.65779340267181, 7271.134146478308, 212.14028377716357, 719.365471080837, 33.723228216171265, 2764.807790401654, 629.0221314662593, 1572.6468096565798, 2164.0352096167476, 1539.5243773130662, 6410.75821756152, 452.01591639029675, 9351.88352934271, 7070.738763844266, 8219.968731404397, 1199.6827927174104, 1439.5037857649172, 1310.2648062870421, 74.97515833377838, 11131.976550410776, 207.9951538326394, 5228.479353129864, 10914.831508887917, 117.8244047164917, 26.222566962242126, 4160.045254242726, 462.43639441178397, 5203.290912287698, 10318.888652386633, 8197.364480128592, 28.629995465278625, 77.40084612369537, 24.346917033195496, 518.3837838330111, 4954.413046759418, 2080.4084344227267, 6701.252468716384, 6937.201500197418, 864.4707764089106, 5869.727131271974, 4934.268532577936, 179.80158959825832, 1966.3513640771594, 1149.2052529281693, 12828.250886783157, 8793.266039588436, 289.80272744797367, 1309.8324523777026, 6562.434434095766, 4121.843815271671, 6179.604628962384, 2445.6083872587446, 8342.02878409422, 461.7139038776097, 104.34896695613861, 3324.5674358231304, 1194.2338991119311, 4964.781079398261, 341.7732538704603, 8357.756846264896, 3620.404627722553, 2622.909365727351, 7355.646903734941, 1641.4417877768267, 1613.2758818786654, 3381.1347605011674, 79201.97032144181, 770.0716491937637, 2647.2625167818546, 2041.8563696459719, 5972.805355985959, 9470.855524029554, 1469.4881738181841, 82.93125283718109, 2982.144422243803, 57156.16350321682, 22901.81453464031, 1968.2005693912506, 4816.5764186382285, 12746.768020358852, 1602.9938820362092, 1342.9966494957162, 31019.144869560292, 126.16072252629294, 2309.0803692042828, 4229.597472640185, 11434.842777266058, 72.62844383716583, 17.046916365623474, 18107.14045181094, 1049.797616759936, 1384.1929843351245, 221.52392447494964, 2207.962582874298, 6567.917817175387, 102.22921741008759, 911.4018032479489, 50.241872906684875, 4390.055532011119, 495.50049074625565, 5856.828364422688, 6360.849136577712, 1207.510736474624, 10.457140445709229, 26.33053755760193, 3674.2468102969747, 148.84588041849304, 12716.205219393138, 5903.051985249591, 934.6491063801018, 1032.1980722409028, 2122.6356100312305, 477.83829290668166, 1119.2932423811692, 3352.3898336291313, 88.04693710803986, 3103.774490874038, 3324.7700725656287, 2683.1958073242654, 206.9278944046771, 2021.3497993620956, 30.561598539352417, 4986.329043494216, 2699.538948136543, 5449.5035162807835, 893.2241929324468, 5649.452897499769, 1507.4221771138054, 41867.26193742301, 8625.592188186565, 6279.044890719736, 26.46761417388916, 7153.479876726486, 404.08772102366675, 3695.0283904360303, 704.0988342184008, 7562.412782590817, 22205.69013125737, 176.15210022044783, 3613.8264497538917, 9867.821402953223, 21308.513569313225, 943.5829407869543, 4158.816607288972, 531.9247272014618, 3335.883484316283, 937.8385532498361, 333.1133328676224, 1167.1608685277404, 433.8237702655792, 3062.589800170489, 313.887361741066, 1440.3726976021478, 30390.057094432686, 1196.3270736841055, 5602.9227280542245, 9501.09900220774, 3056.1903716184324, 109.84946417808533, 4857.162096615565, 7250.590066013858, 512.6559400979211, 3268.3341414759343, 396.5375662926704, 7074.275460221371, 9906.836147202384, 9445.508685043078, 2589.061405208978, 7544.162187385558, 13436.564896919112, 1066.3943543892642, 2844.750964276901, 89.21649968624115, 4656.224711553664, 1512.114540014948, 706.0125586055219, 910.398346126589, 92.17164599895477, 9905.502378485959, 667.6440738591418, 192.89076970605288, 259.93023571474805, 5615.93945467472, 3707.597420982235, 5788.218025601826, 1946.954539299011, 1345.3074053970433, 3689.543625738661, 3898.2016755649024, 9120.234712039008, 762.7633588711419, 21180.39498707014, 1356.0797886828243]
these are all the delays with corr > 3 sigma [1279.535892124869, 6514.433607165632, 147.57142149300134, 323.86890919293677, 210.38326632493255, 37.53085434436798, 1795.6563273056418, 1212.2514041397308, 6784.187275581889, 3972.424736084563, 1763.504499234058, 20780.893670695936, 1644.7681964244998, 12630.611022675008, 346.80223563171563, 7444.038026434027, 10.130776047706604, 7116.538697160633, 2135.579387213121, 1641.0921659602059, 2804.726976647215, 703.3451197993043, 7220.887184750321, 2128.900709705551, 953.6383237031501, 477.58200846700106, 1313.6979128360747, 171.0696756371066, 1033.6305941045284, 2486.8534557740763, 71.19537472724915, 406.7095770294016, 286.1541413203218, 5150.8494040775295, 1495.615673794303, 18825.536809197994, 7941.61277841476, 3573.26883845044, 136.37121942386787, 110.32872557640076, 1876.2986605809283, 7525.956127882003, 2091.0459444146973, 897.476287578925, 4992.9679437168925, 4042.2175544346023, 3398.187547859499, 112.65779340267181, 7271.134146478308, 719.365471080837, 33.723228216171265, 2764.807790401654, 1572.6468096565798, 6410.75821756152, 452.01591639029675, 9351.88352934271, 7070.738763844266, 1439.5037857649172, 1310.2648062870421, 11131.976550410776, 207.9951538326394, 117.8244047164917, 10318.888652386633, 518.3837838330111, 4954.413046759418, 6937.201500197418, 4934.268532577936, 1966.3513640771594, 8793.266039588436, 289.80272744797367, 2445.6083872587446, 461.7139038776097, 3324.5674358231304, 4964.781079398261, 2622.909365727351, 1641.4417877768267, 3381.1347605011674, 79201.97032144181, 2647.2625167818546, 9470.855524029554, 1469.4881738181841, 82.93125283718109, 2982.144422243803, 57156.16350321682, 1602.9938820362092, 126.16072252629294, 4229.597472640185, 72.62844383716583, 1049.797616759936, 102.22921741008759, 50.241872906684875, 1207.510736474624, 26.33053755760193, 148.84588041849304, 12716.205219393138, 5903.051985249591, 1032.1980722409028, 88.04693710803986, 3103.774490874038, 2021.3497993620956, 30.561598539352417, 2699.538948136543, 5449.5035162807835, 893.2241929324468, 5649.452897499769, 1507.4221771138054, 41867.26193742301, 26.46761417388916, 7153.479876726486, 704.0988342184008, 176.15210022044783, 9867.821402953223, 3062.589800170489, 9501.09900220774, 109.84946417808533, 7074.275460221371, 9445.508685043078, 2589.061405208978, 7544.162187385558, 910.398346126589, 5615.93945467472, 3707.597420982235, 3689.543625738661, 3898.2016755649024, 9120.234712039008, 762.7633588711419]
these are the corresponding ObsIDs ['0810841401', '0851181301', '0784303201', '0842110101', '0843151101', '0843150501', '0844100701', '0840132201', '0852180501', '0850780201', '0840841101', '0841320201', '0840720101', '0840210301', '0842362401', '0842362101', '0842591001', '9363100004', '0841510101', '0841180401', '0853220301', '0844100101', '0841920101', '0840910801', '0842570101', '0844020101', '9364000003', '0852980501', '0851182001', '0851181601', '9364100002', '9364100003', '0853980201', '0851181401', '0823810301', '0843151001', '0843020801', '0841230401', '9364300005', '0804070101', '0810890201', '9365300003', '0853981101', '0853980901', '0853981001', '0840131201', '0843830401', '0844860201', '0853782501', '0844860501', '0844860601', '0840580401', '0853230301', '0827221901', '0827230801', '0840740101', '0870590101', '0853790101', '0841450101', '0842550101', '0840490101', '9371700002', '0865600201', '9371900002', '0840750201', '0810841501', '0840842901', '0840211101', '0841951701', '0840843001', '0852060301', '0841660301', '0840841201', '0843440101', '0840841301', '9372600004', '0841570401', '0841480201', '0810871301', '0840550101', '0854591201', '0842730101', '0810863001', '0863560601', '0864330201', '0870810101', '0827231801', '0860370201', '0861910301', '0827011501', '0862430101', '0811023901', '0865040401', '0811023801', '0862220101', '0827050601', '0862470401', '0860303001', '0861111201', '0827060701', '0862470801', '0862470901', '0862471001', '0862471101', '0862220301', '0810850601', '0861310101', '0864621401', '0871191301', '0870790201', '0861080201', '0823594201', '0872990401', '0864621501', '0870870601', '0870930701', '0870930301', '0861950201', '0870930401', '0865450401', '0864090301', '9383500002', '0862641601', '0864622001', '0862920201', '0861680201', '0865011001', '0862840101', '0865011201', '0827350401', '0864410101', '0827251501', '0827251601', '9384600003', '0872391201', '0861582401', '0871020101', '9384700002', '0827251701', '9384700003', '0870190501', '0827321301', '0860800301', '0863780201', '0862730101', '0865350201', '0862150101', '0864052301', '0863230301', '0872391401', '0860530201', '0863960101', '0864081201', '0840310201', '0884220201', '9388300002', '0862900501', '0861582001', '0811012701', '0870850201', '0862980101', '0852600201', '0862900201', '0862950401', '0862900301', '0862770701', '0860302601', '0852600301', '0864621301', '0861171301', '0864530101', '0861171501', '0853210501', '0886010201', '0861171901', '0864550601', '0861260101', '0861171101', '0864340101', '0864440201', '0810871401', '0872392801', '0882340601', '0882870201', '0870870801', '0864050601', '0864052501', '0865011301', '9391500002', '0863090101', '0884710101', '0865380201', '0882110401', '0865011601', '0872392901', '0865011701', '0810811601', '0882720301', '0864430101', '0864430201', '0881990101', '0881560601', '0871590701', '0883780101', '9393200007', '0880030501', '0865012801', '0865011801', '0884960101', '0882110501', '0864010101', '0881071701', '0882110601', '0884370101', '9394100002', '0842760201', '0880000301', '9394800003', '0884970101', '0885100101', '0884190401', '0881910401', '0882340701', '9395900003', '0882260101', '0884991701', '0862090101', '0862090501', '0891801101', '0862770501', '0882061401', '0882870501', '9397500003', '0882640301', '0891801501', '0882650101', '0886020401', '0880280801', '0882061201', '0883500201', '0883500101', '0890420101', '0886041101', '0883460301', '9398600003', '0881680301', '0841930601', '0881840401', '0880280401', '0880280301', '0891801801', '0884080101', '0884050101', '0882031101', '0890450101', '0880280101', '0885090201', '0885090101', '0890440101', '0880031301', '0810841901', '0881680901', '0881681101', '0880810301', '0880810101', '0891010101', '0891010201', '0882340801', '0810871501', '9400900002', '0810880901', '0882721001', '0882720201', '9401000002', '9401000003', '0884960201', '0891802601', '9401000005', '0891802701', '0871592201', '0871591301', '9401100006', '0881680201', '0810243201', '0891070201', '0891070101', '9401200002', '0885240201', '0885240101', '0810890501', '0892420201', '0881350101', '0881210101', '0883090601', '0883090301', '9401800002', '0891802101', '0881210201', '0891801301', '0883780201', '0883210401', '0881070301', '0883550101', '0883550201', '0891803001', '0893400101', '0882721101', '0882720501', '9402400002', '0883950201', '0872610701', '0810850701', '0891803801', '0881900301', '0884470201', '0891804201', '0893810101', '0891802401', '0884993801', '9403900002', '0872610901', '0872610601', '0893810201', '0881900801', '0884992901', '0883550301', '0890640201', '0880000701', '0884120101', '0891400201', '0884120201', '0884740201', '0893810401', '0885260101', '0890700201', '0881190301', '0880860201', '9405200004', '0870840201', '0870860401', '9405300002', '0884630201', '0882650201', '0882650301', '0840140401', '9405600002', '0893810601', '0892420401', '0840140901', '0893810801', '0840140601', '0890700301', '0885260201', '0882130301', '0882650501', '0884120301', '9406500003', '0890620101', '0880582201', '0810401301', '0885110101', '0881630601']
the monster list was dumped: contains in order overarching_obsIDs, optimal_delays, more_than_2stds delays

